Project_Name,Project_URL,Project_Hash,Test_filename,Test_classname,Test_name,Test_parametrization,flaky?,Verdicts_sameOrder,Passed_sameOrder,Failed_sameOrder,Error_sameOrder,Skipped_sameOrder,numRuns_sameOrder,Verdicts_randomOrder,Passed_randomOrder,Failed_randomOrder,Error_randomOrder,Skipped_randomOrder,numRuns_randomOrder,Flaky_sameOrder_withinIteration,Flaky_randomOrder_withinIteration,Verdict_sameOrder,Verdict_randomOrder,Order-dependent,Flaky_Infrastructure,Test_nodeid,Test_nodeid_inclPara
avwx-engine,https://github.com/avwx-rest/avwx-engine,ed1d3e9a91fe0431e701caac4fc02ff2bfaecc04,,tests.current.test_current.BaseTest,test_wxcode,,not flaky,{'Passed'},20,0,0,0,20,{'Passed'},20,0,0,0,20,FALSE,FALSE,Passed,Passed,FALSE,FALSE,tests/current/test_current.py::BaseTest::test_wxcode,tests/current/test_current.py::BaseTest::test_wxcode
avwx-engine,https://github.com/avwx-rest/avwx-engine,ed1d3e9a91fe0431e701caac4fc02ff2bfaecc04,,tests.current.test_metar.TestMetar,test_get_altimeter,,not flaky,{'Passed'},20,0,0,0,20,{'Passed'},20,0,0,0,20,FALSE,FALSE,Passed,Passed,FALSE,FALSE,tests/current/test_metar.py::TestMetar::test_get_altimeter,tests/current/test_metar.py::TestMetar::test_get_altimeter
avwx-engine,https://github.com/avwx-rest/avwx-engine,ed1d3e9a91fe0431e701caac4fc02ff2bfaecc04,,tests.current.test_metar.TestMetar,test_get_remarks,,not flaky,{'Passed'},20,0,0,0,20,{'Passed'},20,0,0,0,20,FALSE,FALSE,Passed,Passed,FALSE,FALSE,tests/current/test_metar.py::TestMetar::test_get_remarks,tests/current/test_metar.py::TestMetar::test_get_remarks
avwx-engine,https://github.com/avwx-rest/avwx-engine,ed1d3e9a91fe0431e701caac4fc02ff2bfaecc04,,tests.current.test_metar.TestMetar,test_get_runway_visibility,,not flaky,{'Passed'},20,0,0,0,20,{'Passed'},20,0,0,0,20,FALSE,FALSE,Passed,Passed,FALSE,FALSE,tests/current/test_metar.py::TestMetar::test_get_runway_visibility,tests/current/test_metar.py::TestMetar::test_get_runway_visibility
avwx-engine,https://github.com/avwx-rest/avwx-engine,ed1d3e9a91fe0431e701caac4fc02ff2bfaecc04,,tests.current.test_metar.TestMetar,test_get_temp_and_dew,,not flaky,{'Passed'},20,0,0,0,20,{'Passed'},20,0,0,0,20,FALSE,FALSE,Passed,Passed,FALSE,FALSE,tests/current/test_metar.py::TestMetar::test_get_temp_and_dew,tests/current/test_metar.py::TestMetar::test_get_temp_and_dew
avwx-engine,https://github.com/avwx-rest/avwx-engine,ed1d3e9a91fe0431e701caac4fc02ff2bfaecc04,,tests.current.test_metar.TestMetar,test_metar_ete,,not flaky,{'Passed'},20,0,0,0,20,{'Passed'},20,0,0,0,20,FALSE,FALSE,Passed,Passed,FALSE,FALSE,tests/current/test_metar.py::TestMetar::test_metar_ete,tests/current/test_metar.py::TestMetar::test_metar_ete
avwx-engine,https://github.com/avwx-rest/avwx-engine,ed1d3e9a91fe0431e701caac4fc02ff2bfaecc04,,tests.current.test_metar.TestMetar,test_parse,,not flaky,{'Passed'},20,0,0,0,20,{'Passed'},20,0,0,0,20,FALSE,FALSE,Passed,Passed,FALSE,FALSE,tests/current/test_metar.py::TestMetar::test_parse,tests/current/test_metar.py::TestMetar::test_parse
avwx-engine,https://github.com/avwx-rest/avwx-engine,ed1d3e9a91fe0431e701caac4fc02ff2bfaecc04,,tests.current.test_metar.TestMetar,test_parse_altimeter,,not flaky,{'Passed'},20,0,0,0,20,{'Passed'},20,0,0,0,20,FALSE,FALSE,Passed,Passed,FALSE,FALSE,tests/current/test_metar.py::TestMetar::test_parse_altimeter,tests/current/test_metar.py::TestMetar::test_parse_altimeter
avwx-engine,https://github.com/avwx-rest/avwx-engine,ed1d3e9a91fe0431e701caac4fc02ff2bfaecc04,,tests.current.test_metar.TestMetar,test_sanitize,,not flaky,{'Passed'},20,0,0,0,20,{'Passed'},20,0,0,0,20,FALSE,FALSE,Passed,Passed,FALSE,FALSE,tests/current/test_metar.py::TestMetar::test_sanitize,tests/current/test_metar.py::TestMetar::test_sanitize
avwx-engine,https://github.com/avwx-rest/avwx-engine,ed1d3e9a91fe0431e701caac4fc02ff2bfaecc04,,tests.current.test_pirep.TestPirep,test_parse,,not flaky,{'Passed'},20,0,0,0,20,{'Passed'},20,0,0,0,20,FALSE,FALSE,Passed,Passed,FALSE,FALSE,tests/current/test_pirep.py::TestPirep::test_parse,tests/current/test_pirep.py::TestPirep::test_parse
avwx-engine,https://github.com/avwx-rest/avwx-engine,ed1d3e9a91fe0431e701caac4fc02ff2bfaecc04,,tests.current.test_pirep.TestPirep,test_pirep_ete,,not flaky,{'Passed'},20,0,0,0,20,{'Passed'},20,0,0,0,20,FALSE,FALSE,Passed,Passed,FALSE,FALSE,tests/current/test_pirep.py::TestPirep::test_pirep_ete,tests/current/test_pirep.py::TestPirep::test_pirep_ete
avwx-engine,https://github.com/avwx-rest/avwx-engine,ed1d3e9a91fe0431e701caac4fc02ff2bfaecc04,,tests.current.test_pirep.TestPirepHandlers,test_aircraft,,not flaky,{'Passed'},20,0,0,0,20,{'Passed'},20,0,0,0,20,FALSE,FALSE,Passed,Passed,FALSE,FALSE,tests/current/test_pirep.py::TestPirepHandlers::test_aircraft,tests/current/test_pirep.py::TestPirepHandlers::test_aircraft
avwx-engine,https://github.com/avwx-rest/avwx-engine,ed1d3e9a91fe0431e701caac4fc02ff2bfaecc04,,tests.current.test_pirep.TestPirepHandlers,test_altitude,,not flaky,{'Passed'},20,0,0,0,20,{'Passed'},20,0,0,0,20,FALSE,FALSE,Passed,Passed,FALSE,FALSE,tests/current/test_pirep.py::TestPirepHandlers::test_altitude,tests/current/test_pirep.py::TestPirepHandlers::test_altitude
avwx-engine,https://github.com/avwx-rest/avwx-engine,ed1d3e9a91fe0431e701caac4fc02ff2bfaecc04,,tests.current.test_pirep.TestPirepHandlers,test_cloud_tops,,not flaky,{'Passed'},20,0,0,0,20,{'Passed'},20,0,0,0,20,FALSE,FALSE,Passed,Passed,FALSE,FALSE,tests/current/test_pirep.py::TestPirepHandlers::test_cloud_tops,tests/current/test_pirep.py::TestPirepHandlers::test_cloud_tops
avwx-engine,https://github.com/avwx-rest/avwx-engine,ed1d3e9a91fe0431e701caac4fc02ff2bfaecc04,,tests.current.test_pirep.TestPirepHandlers,test_icing,,not flaky,{'Passed'},20,0,0,0,20,{'Passed'},20,0,0,0,20,FALSE,FALSE,Passed,Passed,FALSE,FALSE,tests/current/test_pirep.py::TestPirepHandlers::test_icing,tests/current/test_pirep.py::TestPirepHandlers::test_icing
avwx-engine,https://github.com/avwx-rest/avwx-engine,ed1d3e9a91fe0431e701caac4fc02ff2bfaecc04,,tests.current.test_pirep.TestPirepHandlers,test_location,,not flaky,{'Passed'},20,0,0,0,20,{'Passed'},20,0,0,0,20,FALSE,FALSE,Passed,Passed,FALSE,FALSE,tests/current/test_pirep.py::TestPirepHandlers::test_location,tests/current/test_pirep.py::TestPirepHandlers::test_location
avwx-engine,https://github.com/avwx-rest/avwx-engine,ed1d3e9a91fe0431e701caac4fc02ff2bfaecc04,,tests.current.test_pirep.TestPirepHandlers,test_number,,not flaky,{'Passed'},20,0,0,0,20,{'Passed'},20,0,0,0,20,FALSE,FALSE,Passed,Passed,FALSE,FALSE,tests/current/test_pirep.py::TestPirepHandlers::test_number,tests/current/test_pirep.py::TestPirepHandlers::test_number
avwx-engine,https://github.com/avwx-rest/avwx-engine,ed1d3e9a91fe0431e701caac4fc02ff2bfaecc04,,tests.current.test_pirep.TestPirepHandlers,test_remarks,,not flaky,{'Passed'},20,0,0,0,20,{'Passed'},20,0,0,0,20,FALSE,FALSE,Passed,Passed,FALSE,FALSE,tests/current/test_pirep.py::TestPirepHandlers::test_remarks,tests/current/test_pirep.py::TestPirepHandlers::test_remarks
avwx-engine,https://github.com/avwx-rest/avwx-engine,ed1d3e9a91fe0431e701caac4fc02ff2bfaecc04,,tests.current.test_pirep.TestPirepHandlers,test_root,,not flaky,{'Passed'},20,0,0,0,20,{'Passed'},20,0,0,0,20,FALSE,FALSE,Passed,Passed,FALSE,FALSE,tests/current/test_pirep.py::TestPirepHandlers::test_root,tests/current/test_pirep.py::TestPirepHandlers::test_root
avwx-engine,https://github.com/avwx-rest/avwx-engine,ed1d3e9a91fe0431e701caac4fc02ff2bfaecc04,,tests.current.test_pirep.TestPirepHandlers,test_time,,not flaky,{'Passed'},20,0,0,0,20,{'Passed'},20,0,0,0,20,FALSE,FALSE,Passed,Passed,FALSE,FALSE,tests/current/test_pirep.py::TestPirepHandlers::test_time,tests/current/test_pirep.py::TestPirepHandlers::test_time
avwx-engine,https://github.com/avwx-rest/avwx-engine,ed1d3e9a91fe0431e701caac4fc02ff2bfaecc04,,tests.current.test_pirep.TestPirepHandlers,test_turbulence,,not flaky,{'Passed'},20,0,0,0,20,{'Passed'},20,0,0,0,20,FALSE,FALSE,Passed,Passed,FALSE,FALSE,tests/current/test_pirep.py::TestPirepHandlers::test_turbulence,tests/current/test_pirep.py::TestPirepHandlers::test_turbulence
avwx-engine,https://github.com/avwx-rest/avwx-engine,ed1d3e9a91fe0431e701caac4fc02ff2bfaecc04,,tests.current.test_pirep.TestPirepHandlers,test_wx,,not flaky,{'Passed'},20,0,0,0,20,{'Passed'},20,0,0,0,20,FALSE,FALSE,Passed,Passed,FALSE,FALSE,tests/current/test_pirep.py::TestPirepHandlers::test_wx,tests/current/test_pirep.py::TestPirepHandlers::test_wx
avwx-engine,https://github.com/avwx-rest/avwx-engine,ed1d3e9a91fe0431e701caac4fc02ff2bfaecc04,,tests.current.test_taf.TestTaf,test_find_missing_taf_times,,not flaky,{'Passed'},20,0,0,0,20,{'Passed'},20,0,0,0,20,FALSE,FALSE,Passed,Passed,FALSE,FALSE,tests/current/test_taf.py::TestTaf::test_find_missing_taf_times,tests/current/test_taf.py::TestTaf::test_find_missing_taf_times
avwx-engine,https://github.com/avwx-rest/avwx-engine,ed1d3e9a91fe0431e701caac4fc02ff2bfaecc04,,tests.current.test_taf.TestTaf,test_get_alt_ice_turb,,not flaky,{'Passed'},20,0,0,0,20,{'Passed'},20,0,0,0,20,FALSE,FALSE,Passed,Passed,FALSE,FALSE,tests/current/test_taf.py::TestTaf::test_get_alt_ice_turb,tests/current/test_taf.py::TestTaf::test_get_alt_ice_turb
avwx-engine,https://github.com/avwx-rest/avwx-engine,ed1d3e9a91fe0431e701caac4fc02ff2bfaecc04,,tests.current.test_taf.TestTaf,test_get_oceania_temp_and_alt,,not flaky,{'Passed'},20,0,0,0,20,{'Passed'},20,0,0,0,20,FALSE,FALSE,Passed,Passed,FALSE,FALSE,tests/current/test_taf.py::TestTaf::test_get_oceania_temp_and_alt,tests/current/test_taf.py::TestTaf::test_get_oceania_temp_and_alt
avwx-engine,https://github.com/avwx-rest/avwx-engine,ed1d3e9a91fe0431e701caac4fc02ff2bfaecc04,,tests.current.test_taf.TestTaf,test_get_taf_remarks,,not flaky,{'Passed'},20,0,0,0,20,{'Passed'},20,0,0,0,20,FALSE,FALSE,Passed,Passed,FALSE,FALSE,tests/current/test_taf.py::TestTaf::test_get_taf_remarks,tests/current/test_taf.py::TestTaf::test_get_taf_remarks
avwx-engine,https://github.com/avwx-rest/avwx-engine,ed1d3e9a91fe0431e701caac4fc02ff2bfaecc04,,tests.current.test_taf.TestTaf,test_get_temp_min_and_max,,not flaky,{'Passed'},20,0,0,0,20,{'Passed'},20,0,0,0,20,FALSE,FALSE,Passed,Passed,FALSE,FALSE,tests/current/test_taf.py::TestTaf::test_get_temp_min_and_max,tests/current/test_taf.py::TestTaf::test_get_temp_min_and_max
avwx-engine,https://github.com/avwx-rest/avwx-engine,ed1d3e9a91fe0431e701caac4fc02ff2bfaecc04,,tests.current.test_taf.TestTaf,test_get_type_and_times,,not flaky,{'Passed'},20,0,0,0,20,{'Passed'},20,0,0,0,20,FALSE,FALSE,Passed,Passed,FALSE,FALSE,tests/current/test_taf.py::TestTaf::test_get_type_and_times,tests/current/test_taf.py::TestTaf::test_get_type_and_times
avwx-engine,https://github.com/avwx-rest/avwx-engine,ed1d3e9a91fe0431e701caac4fc02ff2bfaecc04,,tests.current.test_taf.TestTaf,test_get_wind_shear,,not flaky,{'Passed'},20,0,0,0,20,{'Passed'},20,0,0,0,20,FALSE,FALSE,Passed,Passed,FALSE,FALSE,tests/current/test_taf.py::TestTaf::test_get_wind_shear,tests/current/test_taf.py::TestTaf::test_get_wind_shear
avwx-engine,https://github.com/avwx-rest/avwx-engine,ed1d3e9a91fe0431e701caac4fc02ff2bfaecc04,,tests.current.test_taf.TestTaf,test_is_tempo_or_prob,,not flaky,{'Passed'},20,0,0,0,20,{'Passed'},20,0,0,0,20,FALSE,FALSE,Passed,Passed,FALSE,FALSE,tests/current/test_taf.py::TestTaf::test_is_tempo_or_prob,tests/current/test_taf.py::TestTaf::test_is_tempo_or_prob
avwx-engine,https://github.com/avwx-rest/avwx-engine,ed1d3e9a91fe0431e701caac4fc02ff2bfaecc04,,tests.current.test_taf.TestTaf,test_parse,,not flaky,{'Passed'},20,0,0,0,20,{'Passed'},20,0,0,0,20,FALSE,FALSE,Passed,Passed,FALSE,FALSE,tests/current/test_taf.py::TestTaf::test_parse,tests/current/test_taf.py::TestTaf::test_parse
avwx-engine,https://github.com/avwx-rest/avwx-engine,ed1d3e9a91fe0431e701caac4fc02ff2bfaecc04,,tests.current.test_taf.TestTaf,test_prob_end,,not flaky,{'Passed'},20,0,0,0,20,{'Passed'},20,0,0,0,20,FALSE,FALSE,Passed,Passed,FALSE,FALSE,tests/current/test_taf.py::TestTaf::test_prob_end,tests/current/test_taf.py::TestTaf::test_prob_end
avwx-engine,https://github.com/avwx-rest/avwx-engine,ed1d3e9a91fe0431e701caac4fc02ff2bfaecc04,,tests.current.test_taf.TestTaf,test_prob_line,,not flaky,{'Passed'},20,0,0,0,20,{'Passed'},20,0,0,0,20,FALSE,FALSE,Passed,Passed,FALSE,FALSE,tests/current/test_taf.py::TestTaf::test_prob_line,tests/current/test_taf.py::TestTaf::test_prob_line
avwx-engine,https://github.com/avwx-rest/avwx-engine,ed1d3e9a91fe0431e701caac4fc02ff2bfaecc04,,tests.current.test_taf.TestTaf,test_prob_tempo,,not flaky,{'Passed'},20,0,0,0,20,{'Passed'},20,0,0,0,20,FALSE,FALSE,Passed,Passed,FALSE,FALSE,tests/current/test_taf.py::TestTaf::test_prob_tempo,tests/current/test_taf.py::TestTaf::test_prob_tempo
avwx-engine,https://github.com/avwx-rest/avwx-engine,ed1d3e9a91fe0431e701caac4fc02ff2bfaecc04,,tests.current.test_taf.TestTaf,test_rule_inherit,,not flaky,{'Passed'},20,0,0,0,20,{'Passed'},20,0,0,0,20,FALSE,FALSE,Passed,Passed,FALSE,FALSE,tests/current/test_taf.py::TestTaf::test_rule_inherit,tests/current/test_taf.py::TestTaf::test_rule_inherit
avwx-engine,https://github.com/avwx-rest/avwx-engine,ed1d3e9a91fe0431e701caac4fc02ff2bfaecc04,,tests.current.test_taf.TestTaf,test_sanitize_line,,not flaky,{'Passed'},20,0,0,0,20,{'Passed'},20,0,0,0,20,FALSE,FALSE,Passed,Passed,FALSE,FALSE,tests/current/test_taf.py::TestTaf::test_sanitize_line,tests/current/test_taf.py::TestTaf::test_sanitize_line
avwx-engine,https://github.com/avwx-rest/avwx-engine,ed1d3e9a91fe0431e701caac4fc02ff2bfaecc04,,tests.current.test_taf.TestTaf,test_skc_flight_rules,,not flaky,{'Passed'},20,0,0,0,20,{'Passed'},20,0,0,0,20,FALSE,FALSE,Passed,Passed,FALSE,FALSE,tests/current/test_taf.py::TestTaf::test_skc_flight_rules,tests/current/test_taf.py::TestTaf::test_skc_flight_rules
avwx-engine,https://github.com/avwx-rest/avwx-engine,ed1d3e9a91fe0431e701caac4fc02ff2bfaecc04,,tests.current.test_taf.TestTaf,test_split_taf,,not flaky,{'Passed'},20,0,0,0,20,{'Passed'},20,0,0,0,20,FALSE,FALSE,Passed,Passed,FALSE,FALSE,tests/current/test_taf.py::TestTaf::test_split_taf,tests/current/test_taf.py::TestTaf::test_split_taf
avwx-engine,https://github.com/avwx-rest/avwx-engine,ed1d3e9a91fe0431e701caac4fc02ff2bfaecc04,,tests.current.test_taf.TestTaf,test_starts_new_line,,not flaky,{'Passed'},20,0,0,0,20,{'Passed'},20,0,0,0,20,FALSE,FALSE,Passed,Passed,FALSE,FALSE,tests/current/test_taf.py::TestTaf::test_starts_new_line,tests/current/test_taf.py::TestTaf::test_starts_new_line
avwx-engine,https://github.com/avwx-rest/avwx-engine,ed1d3e9a91fe0431e701caac4fc02ff2bfaecc04,,tests.current.test_taf.TestTaf,test_taf_ete,,not flaky,{'Passed'},20,0,0,0,20,{'Passed'},20,0,0,0,20,FALSE,FALSE,Passed,Passed,FALSE,FALSE,tests/current/test_taf.py::TestTaf::test_taf_ete,tests/current/test_taf.py::TestTaf::test_taf_ete
avwx-engine,https://github.com/avwx-rest/avwx-engine,ed1d3e9a91fe0431e701caac4fc02ff2bfaecc04,,tests.current.test_taf.TestTaf,test_wind_shear,,not flaky,{'Passed'},20,0,0,0,20,{'Passed'},20,0,0,0,20,FALSE,FALSE,Passed,Passed,FALSE,FALSE,tests/current/test_taf.py::TestTaf::test_wind_shear,tests/current/test_taf.py::TestTaf::test_wind_shear
avwx-engine,https://github.com/avwx-rest/avwx-engine,ed1d3e9a91fe0431e701caac4fc02ff2bfaecc04,,tests.forecast.test_base.TestForecastBase,test_code,,not flaky,{'Passed'},20,0,0,0,20,{'Passed'},20,0,0,0,20,FALSE,FALSE,Passed,Passed,FALSE,FALSE,tests/forecast/test_base.py::TestForecastBase::test_code,tests/forecast/test_base.py::TestForecastBase::test_code
avwx-engine,https://github.com/avwx-rest/avwx-engine,ed1d3e9a91fe0431e701caac4fc02ff2bfaecc04,,tests.forecast.test_base.TestForecastBase,test_find_time_periods,,not flaky,{'Passed'},20,0,0,0,20,{'Passed'},20,0,0,0,20,FALSE,FALSE,Passed,Passed,FALSE,FALSE,tests/forecast/test_base.py::TestForecastBase::test_find_time_periods,tests/forecast/test_base.py::TestForecastBase::test_find_time_periods
avwx-engine,https://github.com/avwx-rest/avwx-engine,ed1d3e9a91fe0431e701caac4fc02ff2bfaecc04,,tests.forecast.test_base.TestForecastBase,test_init_parse,,not flaky,{'Passed'},20,0,0,0,20,{'Passed'},20,0,0,0,20,FALSE,FALSE,Passed,Passed,FALSE,FALSE,tests/forecast/test_base.py::TestForecastBase::test_init_parse,tests/forecast/test_base.py::TestForecastBase::test_init_parse
avwx-engine,https://github.com/avwx-rest/avwx-engine,ed1d3e9a91fe0431e701caac4fc02ff2bfaecc04,,tests.forecast.test_base.TestForecastBase,test_numbers,,not flaky,{'Passed'},20,0,0,0,20,{'Passed'},20,0,0,0,20,FALSE,FALSE,Passed,Passed,FALSE,FALSE,tests/forecast/test_base.py::TestForecastBase::test_numbers,tests/forecast/test_base.py::TestForecastBase::test_numbers
avwx-engine,https://github.com/avwx-rest/avwx-engine,ed1d3e9a91fe0431e701caac4fc02ff2bfaecc04,,tests.forecast.test_base.TestForecastBase,test_split_line,,not flaky,{'Passed'},20,0,0,0,20,{'Passed'},20,0,0,0,20,FALSE,FALSE,Passed,Passed,FALSE,FALSE,tests/forecast/test_base.py::TestForecastBase::test_split_line,tests/forecast/test_base.py::TestForecastBase::test_split_line
avwx-engine,https://github.com/avwx-rest/avwx-engine,ed1d3e9a91fe0431e701caac4fc02ff2bfaecc04,,tests.forecast.test_base.TestForecastBase,test_timestamp,,not flaky,{'Passed'},20,0,0,0,20,{'Passed'},20,0,0,0,20,FALSE,FALSE,Passed,Passed,FALSE,FALSE,tests/forecast/test_base.py::TestForecastBase::test_timestamp,tests/forecast/test_base.py::TestForecastBase::test_timestamp
avwx-engine,https://github.com/avwx-rest/avwx-engine,ed1d3e9a91fe0431e701caac4fc02ff2bfaecc04,,tests.forecast.test_gfs.TestMav,test_mav_ete,,not flaky,{'Passed'},20,0,0,0,20,{'Passed'},20,0,0,0,20,FALSE,FALSE,Passed,Passed,FALSE,FALSE,tests/forecast/test_gfs.py::TestMav::test_mav_ete,tests/forecast/test_gfs.py::TestMav::test_mav_ete
avwx-engine,https://github.com/avwx-rest/avwx-engine,ed1d3e9a91fe0431e701caac4fc02ff2bfaecc04,,tests.forecast.test_gfs.TestMav,test_thunder,,not flaky,{'Passed'},20,0,0,0,20,{'Passed'},20,0,0,0,20,FALSE,FALSE,Passed,Passed,FALSE,FALSE,tests/forecast/test_gfs.py::TestMav::test_thunder,tests/forecast/test_gfs.py::TestMav::test_thunder
avwx-engine,https://github.com/avwx-rest/avwx-engine,ed1d3e9a91fe0431e701caac4fc02ff2bfaecc04,,tests.forecast.test_gfs.TestMex,test_mex_ete,,not flaky,{'Passed'},20,0,0,0,20,{'Passed'},20,0,0,0,20,FALSE,FALSE,Passed,Passed,FALSE,FALSE,tests/forecast/test_gfs.py::TestMex::test_mex_ete,tests/forecast/test_gfs.py::TestMex::test_mex_ete
avwx-engine,https://github.com/avwx-rest/avwx-engine,ed1d3e9a91fe0431e701caac4fc02ff2bfaecc04,,tests.forecast.test_nbm.TestNbm,test_ceiling,,not flaky,{'Passed'},20,0,0,0,20,{'Passed'},20,0,0,0,20,FALSE,FALSE,Passed,Passed,FALSE,FALSE,tests/forecast/test_nbm.py::TestNbm::test_ceiling,tests/forecast/test_nbm.py::TestNbm::test_ceiling
avwx-engine,https://github.com/avwx-rest/avwx-engine,ed1d3e9a91fe0431e701caac4fc02ff2bfaecc04,,tests.forecast.test_nbm.TestNbm,test_nbe_ete,,not flaky,{'Passed'},20,0,0,0,20,{'Passed'},20,0,0,0,20,FALSE,FALSE,Passed,Passed,FALSE,FALSE,tests/forecast/test_nbm.py::TestNbm::test_nbe_ete,tests/forecast/test_nbm.py::TestNbm::test_nbe_ete
avwx-engine,https://github.com/avwx-rest/avwx-engine,ed1d3e9a91fe0431e701caac4fc02ff2bfaecc04,,tests.forecast.test_nbm.TestNbm,test_nbh_ete,,not flaky,{'Passed'},20,0,0,0,20,{'Passed'},20,0,0,0,20,FALSE,FALSE,Passed,Passed,FALSE,FALSE,tests/forecast/test_nbm.py::TestNbm::test_nbh_ete,tests/forecast/test_nbm.py::TestNbm::test_nbh_ete
avwx-engine,https://github.com/avwx-rest/avwx-engine,ed1d3e9a91fe0431e701caac4fc02ff2bfaecc04,,tests.forecast.test_nbm.TestNbm,test_nbs_ete,,not flaky,{'Passed'},20,0,0,0,20,{'Passed'},20,0,0,0,20,FALSE,FALSE,Passed,Passed,FALSE,FALSE,tests/forecast/test_nbm.py::TestNbm::test_nbs_ete,tests/forecast/test_nbm.py::TestNbm::test_nbs_ete
avwx-engine,https://github.com/avwx-rest/avwx-engine,ed1d3e9a91fe0431e701caac4fc02ff2bfaecc04,,tests.forecast.test_nbm.TestNbm,test_wind,,not flaky,{'Passed'},20,0,0,0,20,{'Passed'},20,0,0,0,20,FALSE,FALSE,Passed,Passed,FALSE,FALSE,tests/forecast/test_nbm.py::TestNbm::test_wind,tests/forecast/test_nbm.py::TestNbm::test_wind
avwx-engine,https://github.com/avwx-rest/avwx-engine,ed1d3e9a91fe0431e701caac4fc02ff2bfaecc04,,tests.parsing.test_core.TestCore,test_dedupe,,not flaky,{'Passed'},20,0,0,0,20,{'Passed'},20,0,0,0,20,FALSE,FALSE,Passed,Passed,FALSE,FALSE,tests/parsing/test_core.py::TestCore::test_dedupe,tests/parsing/test_core.py::TestCore::test_dedupe
avwx-engine,https://github.com/avwx-rest/avwx-engine,ed1d3e9a91fe0431e701caac4fc02ff2bfaecc04,,tests.parsing.test_core.TestCore,test_find_first_in_list,,not flaky,{'Passed'},20,0,0,0,20,{'Passed'},20,0,0,0,20,FALSE,FALSE,Passed,Passed,FALSE,FALSE,tests/parsing/test_core.py::TestCore::test_find_first_in_list,tests/parsing/test_core.py::TestCore::test_find_first_in_list
avwx-engine,https://github.com/avwx-rest/avwx-engine,ed1d3e9a91fe0431e701caac4fc02ff2bfaecc04,,tests.parsing.test_core.TestCore,test_get_ceiling,,not flaky,{'Passed'},20,0,0,0,20,{'Passed'},20,0,0,0,20,FALSE,FALSE,Passed,Passed,FALSE,FALSE,tests/parsing/test_core.py::TestCore::test_get_ceiling,tests/parsing/test_core.py::TestCore::test_get_ceiling
avwx-engine,https://github.com/avwx-rest/avwx-engine,ed1d3e9a91fe0431e701caac4fc02ff2bfaecc04,,tests.parsing.test_core.TestCore,test_get_clouds,,not flaky,{'Passed'},20,0,0,0,20,{'Passed'},20,0,0,0,20,FALSE,FALSE,Passed,Passed,FALSE,FALSE,tests/parsing/test_core.py::TestCore::test_get_clouds,tests/parsing/test_core.py::TestCore::test_get_clouds
avwx-engine,https://github.com/avwx-rest/avwx-engine,ed1d3e9a91fe0431e701caac4fc02ff2bfaecc04,,tests.parsing.test_core.TestCore,test_get_digit_list,,not flaky,{'Passed'},20,0,0,0,20,{'Passed'},20,0,0,0,20,FALSE,FALSE,Passed,Passed,FALSE,FALSE,tests/parsing/test_core.py::TestCore::test_get_digit_list,tests/parsing/test_core.py::TestCore::test_get_digit_list
avwx-engine,https://github.com/avwx-rest/avwx-engine,ed1d3e9a91fe0431e701caac4fc02ff2bfaecc04,,tests.parsing.test_core.TestCore,test_get_flight_rules,,not flaky,{'Passed'},20,0,0,0,20,{'Passed'},20,0,0,0,20,FALSE,FALSE,Passed,Passed,FALSE,FALSE,tests/parsing/test_core.py::TestCore::test_get_flight_rules,tests/parsing/test_core.py::TestCore::test_get_flight_rules
avwx-engine,https://github.com/avwx-rest/avwx-engine,ed1d3e9a91fe0431e701caac4fc02ff2bfaecc04,,tests.parsing.test_core.TestCore,test_get_station_and_time,,not flaky,{'Passed'},20,0,0,0,20,{'Passed'},20,0,0,0,20,FALSE,FALSE,Passed,Passed,FALSE,FALSE,tests/parsing/test_core.py::TestCore::test_get_station_and_time,tests/parsing/test_core.py::TestCore::test_get_station_and_time
avwx-engine,https://github.com/avwx-rest/avwx-engine,ed1d3e9a91fe0431e701caac4fc02ff2bfaecc04,,tests.parsing.test_core.TestCore,test_get_visibility,,not flaky,{'Passed'},20,0,0,0,20,{'Passed'},20,0,0,0,20,FALSE,FALSE,Passed,Passed,FALSE,FALSE,tests/parsing/test_core.py::TestCore::test_get_visibility,tests/parsing/test_core.py::TestCore::test_get_visibility
avwx-engine,https://github.com/avwx-rest/avwx-engine,ed1d3e9a91fe0431e701caac4fc02ff2bfaecc04,,tests.parsing.test_core.TestCore,test_get_wind,,not flaky,{'Passed'},20,0,0,0,20,{'Passed'},20,0,0,0,20,FALSE,FALSE,Passed,Passed,FALSE,FALSE,tests/parsing/test_core.py::TestCore::test_get_wind,tests/parsing/test_core.py::TestCore::test_get_wind
avwx-engine,https://github.com/avwx-rest/avwx-engine,ed1d3e9a91fe0431e701caac4fc02ff2bfaecc04,,tests.parsing.test_core.TestCore,test_is_possible_temp,,not flaky,{'Passed'},20,0,0,0,20,{'Passed'},20,0,0,0,20,FALSE,FALSE,Passed,Passed,FALSE,FALSE,tests/parsing/test_core.py::TestCore::test_is_possible_temp,tests/parsing/test_core.py::TestCore::test_is_possible_temp
avwx-engine,https://github.com/avwx-rest/avwx-engine,ed1d3e9a91fe0431e701caac4fc02ff2bfaecc04,,tests.parsing.test_core.TestCore,test_is_timestamp,,not flaky,{'Passed'},20,0,0,0,20,{'Passed'},20,0,0,0,20,FALSE,FALSE,Passed,Passed,FALSE,FALSE,tests/parsing/test_core.py::TestCore::test_is_timestamp,tests/parsing/test_core.py::TestCore::test_is_timestamp
avwx-engine,https://github.com/avwx-rest/avwx-engine,ed1d3e9a91fe0431e701caac4fc02ff2bfaecc04,,tests.parsing.test_core.TestCore,test_is_unknown,,not flaky,{'Passed'},20,0,0,0,20,{'Passed'},20,0,0,0,20,FALSE,FALSE,Passed,Passed,FALSE,FALSE,tests/parsing/test_core.py::TestCore::test_is_unknown,tests/parsing/test_core.py::TestCore::test_is_unknown
avwx-engine,https://github.com/avwx-rest/avwx-engine,ed1d3e9a91fe0431e701caac4fc02ff2bfaecc04,,tests.parsing.test_core.TestCore,test_make_cloud,,not flaky,{'Passed'},20,0,0,0,20,{'Passed'},20,0,0,0,20,FALSE,FALSE,Passed,Passed,FALSE,FALSE,tests/parsing/test_core.py::TestCore::test_make_cloud,tests/parsing/test_core.py::TestCore::test_make_cloud
avwx-engine,https://github.com/avwx-rest/avwx-engine,ed1d3e9a91fe0431e701caac4fc02ff2bfaecc04,,tests.parsing.test_core.TestCore,test_make_number,,not flaky,{'Passed'},20,0,0,0,20,{'Passed'},20,0,0,0,20,FALSE,FALSE,Passed,Passed,FALSE,FALSE,tests/parsing/test_core.py::TestCore::test_make_number,tests/parsing/test_core.py::TestCore::test_make_number
avwx-engine,https://github.com/avwx-rest/avwx-engine,ed1d3e9a91fe0431e701caac4fc02ff2bfaecc04,,tests.parsing.test_core.TestCore,test_make_number_fractions,,not flaky,{'Passed'},20,0,0,0,20,{'Passed'},20,0,0,0,20,FALSE,FALSE,Passed,Passed,FALSE,FALSE,tests/parsing/test_core.py::TestCore::test_make_number_fractions,tests/parsing/test_core.py::TestCore::test_make_number_fractions
avwx-engine,https://github.com/avwx-rest/avwx-engine,ed1d3e9a91fe0431e701caac4fc02ff2bfaecc04,,tests.parsing.test_core.TestCore,test_make_number_speech,,not flaky,{'Passed'},20,0,0,0,20,{'Passed'},20,0,0,0,20,FALSE,FALSE,Passed,Passed,FALSE,FALSE,tests/parsing/test_core.py::TestCore::test_make_number_speech,tests/parsing/test_core.py::TestCore::test_make_number_speech
avwx-engine,https://github.com/avwx-rest/avwx-engine,ed1d3e9a91fe0431e701caac4fc02ff2bfaecc04,,tests.parsing.test_core.TestCore,test_make_timestamp,,not flaky,{'Passed'},20,0,0,0,20,{'Passed'},20,0,0,0,20,FALSE,FALSE,Passed,Passed,FALSE,FALSE,tests/parsing/test_core.py::TestCore::test_make_timestamp,tests/parsing/test_core.py::TestCore::test_make_timestamp
avwx-engine,https://github.com/avwx-rest/avwx-engine,ed1d3e9a91fe0431e701caac4fc02ff2bfaecc04,,tests.parsing.test_core.TestCore,test_midnight_rollover,,not flaky,{'Passed'},20,0,0,0,20,{'Passed'},20,0,0,0,20,FALSE,FALSE,Passed,Passed,FALSE,FALSE,tests/parsing/test_core.py::TestCore::test_midnight_rollover,tests/parsing/test_core.py::TestCore::test_midnight_rollover
avwx-engine,https://github.com/avwx-rest/avwx-engine,ed1d3e9a91fe0431e701caac4fc02ff2bfaecc04,,tests.parsing.test_core.TestCore,test_parse_date,,not flaky,{'Passed'},20,0,0,0,20,{'Passed'},20,0,0,0,20,FALSE,FALSE,Passed,Passed,FALSE,FALSE,tests/parsing/test_core.py::TestCore::test_parse_date,tests/parsing/test_core.py::TestCore::test_parse_date
avwx-engine,https://github.com/avwx-rest/avwx-engine,ed1d3e9a91fe0431e701caac4fc02ff2bfaecc04,,tests.parsing.test_core.TestCore,test_remove_leading_zeros,,not flaky,{'Passed'},20,0,0,0,20,{'Passed'},20,0,0,0,20,FALSE,FALSE,Passed,Passed,FALSE,FALSE,tests/parsing/test_core.py::TestCore::test_remove_leading_zeros,tests/parsing/test_core.py::TestCore::test_remove_leading_zeros
avwx-engine,https://github.com/avwx-rest/avwx-engine,ed1d3e9a91fe0431e701caac4fc02ff2bfaecc04,,tests.parsing.test_core.TestCore,test_sanitize_cloud,,not flaky,{'Passed'},20,0,0,0,20,{'Passed'},20,0,0,0,20,FALSE,FALSE,Passed,Passed,FALSE,FALSE,tests/parsing/test_core.py::TestCore::test_sanitize_cloud,tests/parsing/test_core.py::TestCore::test_sanitize_cloud
avwx-engine,https://github.com/avwx-rest/avwx-engine,ed1d3e9a91fe0431e701caac4fc02ff2bfaecc04,,tests.parsing.test_core.TestCore,test_spoken_number,,not flaky,{'Passed'},20,0,0,0,20,{'Passed'},20,0,0,0,20,FALSE,FALSE,Passed,Passed,FALSE,FALSE,tests/parsing/test_core.py::TestCore::test_spoken_number,tests/parsing/test_core.py::TestCore::test_spoken_number
avwx-engine,https://github.com/avwx-rest/avwx-engine,ed1d3e9a91fe0431e701caac4fc02ff2bfaecc04,,tests.parsing.test_core.TestCore,test_unpack_fraction,,not flaky,{'Passed'},20,0,0,0,20,{'Passed'},20,0,0,0,20,FALSE,FALSE,Passed,Passed,FALSE,FALSE,tests/parsing/test_core.py::TestCore::test_unpack_fraction,tests/parsing/test_core.py::TestCore::test_unpack_fraction
avwx-engine,https://github.com/avwx-rest/avwx-engine,ed1d3e9a91fe0431e701caac4fc02ff2bfaecc04,,tests.parsing.test_remarks.TestRemarks,test_parse,,not flaky,{'Passed'},20,0,0,0,20,{'Passed'},20,0,0,0,20,FALSE,FALSE,Passed,Passed,FALSE,FALSE,tests/parsing/test_remarks.py::TestRemarks::test_parse,tests/parsing/test_remarks.py::TestRemarks::test_parse
avwx-engine,https://github.com/avwx-rest/avwx-engine,ed1d3e9a91fe0431e701caac4fc02ff2bfaecc04,,tests.parsing.test_remarks.TestRemarks,test_precip_24,,not flaky,{'Passed'},20,0,0,0,20,{'Passed'},20,0,0,0,20,FALSE,FALSE,Passed,Passed,FALSE,FALSE,tests/parsing/test_remarks.py::TestRemarks::test_precip_24,tests/parsing/test_remarks.py::TestRemarks::test_precip_24
avwx-engine,https://github.com/avwx-rest/avwx-engine,ed1d3e9a91fe0431e701caac4fc02ff2bfaecc04,,tests.parsing.test_remarks.TestRemarks,test_precip_36,,not flaky,{'Passed'},20,0,0,0,20,{'Passed'},20,0,0,0,20,FALSE,FALSE,Passed,Passed,FALSE,FALSE,tests/parsing/test_remarks.py::TestRemarks::test_precip_36,tests/parsing/test_remarks.py::TestRemarks::test_precip_36
avwx-engine,https://github.com/avwx-rest/avwx-engine,ed1d3e9a91fe0431e701caac4fc02ff2bfaecc04,,tests.parsing.test_remarks.TestRemarks,test_pressure_tendency,,not flaky,{'Passed'},20,0,0,0,20,{'Passed'},20,0,0,0,20,FALSE,FALSE,Passed,Passed,FALSE,FALSE,tests/parsing/test_remarks.py::TestRemarks::test_pressure_tendency,tests/parsing/test_remarks.py::TestRemarks::test_pressure_tendency
avwx-engine,https://github.com/avwx-rest/avwx-engine,ed1d3e9a91fe0431e701caac4fc02ff2bfaecc04,,tests.parsing.test_remarks.TestRemarks,test_sunshine_duration,,not flaky,{'Passed'},20,0,0,0,20,{'Passed'},20,0,0,0,20,FALSE,FALSE,Passed,Passed,FALSE,FALSE,tests/parsing/test_remarks.py::TestRemarks::test_sunshine_duration,tests/parsing/test_remarks.py::TestRemarks::test_sunshine_duration
avwx-engine,https://github.com/avwx-rest/avwx-engine,ed1d3e9a91fe0431e701caac4fc02ff2bfaecc04,,tests.parsing.test_remarks.TestRemarks,test_tdec,,not flaky,{'Passed'},20,0,0,0,20,{'Passed'},20,0,0,0,20,FALSE,FALSE,Passed,Passed,FALSE,FALSE,tests/parsing/test_remarks.py::TestRemarks::test_tdec,tests/parsing/test_remarks.py::TestRemarks::test_tdec
avwx-engine,https://github.com/avwx-rest/avwx-engine,ed1d3e9a91fe0431e701caac4fc02ff2bfaecc04,,tests.parsing.test_remarks.TestRemarks,test_temp_minmax,,not flaky,{'Passed'},20,0,0,0,20,{'Passed'},20,0,0,0,20,FALSE,FALSE,Passed,Passed,FALSE,FALSE,tests/parsing/test_remarks.py::TestRemarks::test_temp_minmax,tests/parsing/test_remarks.py::TestRemarks::test_temp_minmax
avwx-engine,https://github.com/avwx-rest/avwx-engine,ed1d3e9a91fe0431e701caac4fc02ff2bfaecc04,,tests.parsing.test_remarks.TestRemarks,test_translate,,not flaky,{'Passed'},20,0,0,0,20,{'Passed'},20,0,0,0,20,FALSE,FALSE,Passed,Passed,FALSE,FALSE,tests/parsing/test_remarks.py::TestRemarks::test_translate,tests/parsing/test_remarks.py::TestRemarks::test_translate
avwx-engine,https://github.com/avwx-rest/avwx-engine,ed1d3e9a91fe0431e701caac4fc02ff2bfaecc04,,tests.parsing.test_sanitization.TestSanitization,test_extra_space_exists,,not flaky,{'Passed'},20,0,0,0,20,{'Passed'},20,0,0,0,20,FALSE,FALSE,Passed,Passed,FALSE,FALSE,tests/parsing/test_sanitization.py::TestSanitization::test_extra_space_exists,tests/parsing/test_sanitization.py::TestSanitization::test_extra_space_exists
avwx-engine,https://github.com/avwx-rest/avwx-engine,ed1d3e9a91fe0431e701caac4fc02ff2bfaecc04,,tests.parsing.test_sanitization.TestSanitization,test_extra_space_needed,,not flaky,{'Passed'},20,0,0,0,20,{'Passed'},20,0,0,0,20,FALSE,FALSE,Passed,Passed,FALSE,FALSE,tests/parsing/test_sanitization.py::TestSanitization::test_extra_space_needed,tests/parsing/test_sanitization.py::TestSanitization::test_extra_space_needed
avwx-engine,https://github.com/avwx-rest/avwx-engine,ed1d3e9a91fe0431e701caac4fc02ff2bfaecc04,,tests.parsing.test_sanitization.TestSanitization,test_sanitize_report_list,,not flaky,{'Passed'},20,0,0,0,20,{'Passed'},20,0,0,0,20,FALSE,FALSE,Passed,Passed,FALSE,FALSE,tests/parsing/test_sanitization.py::TestSanitization::test_sanitize_report_list,tests/parsing/test_sanitization.py::TestSanitization::test_sanitize_report_list
avwx-engine,https://github.com/avwx-rest/avwx-engine,ed1d3e9a91fe0431e701caac4fc02ff2bfaecc04,,tests.parsing.test_sanitization.TestSanitization,test_sanitize_report_string,,not flaky,{'Passed'},20,0,0,0,20,{'Passed'},20,0,0,0,20,FALSE,FALSE,Passed,Passed,FALSE,FALSE,tests/parsing/test_sanitization.py::TestSanitization::test_sanitize_report_string,tests/parsing/test_sanitization.py::TestSanitization::test_sanitize_report_string
avwx-engine,https://github.com/avwx-rest/avwx-engine,ed1d3e9a91fe0431e701caac4fc02ff2bfaecc04,,tests.parsing.test_speech.TestSpeech,test_altimeter,,not flaky,{'Passed'},20,0,0,0,20,{'Passed'},20,0,0,0,20,FALSE,FALSE,Passed,Passed,FALSE,FALSE,tests/parsing/test_speech.py::TestSpeech::test_altimeter,tests/parsing/test_speech.py::TestSpeech::test_altimeter
avwx-engine,https://github.com/avwx-rest/avwx-engine,ed1d3e9a91fe0431e701caac4fc02ff2bfaecc04,,tests.parsing.test_speech.TestSpeech,test_metar,,not flaky,{'Passed'},20,0,0,0,20,{'Passed'},20,0,0,0,20,FALSE,FALSE,Passed,Passed,FALSE,FALSE,tests/parsing/test_speech.py::TestSpeech::test_metar,tests/parsing/test_speech.py::TestSpeech::test_metar
avwx-engine,https://github.com/avwx-rest/avwx-engine,ed1d3e9a91fe0431e701caac4fc02ff2bfaecc04,,tests.parsing.test_speech.TestSpeech,test_taf,,not flaky,{'Passed'},20,0,0,0,20,{'Passed'},20,0,0,0,20,FALSE,FALSE,Passed,Passed,FALSE,FALSE,tests/parsing/test_speech.py::TestSpeech::test_taf,tests/parsing/test_speech.py::TestSpeech::test_taf
avwx-engine,https://github.com/avwx-rest/avwx-engine,ed1d3e9a91fe0431e701caac4fc02ff2bfaecc04,,tests.parsing.test_speech.TestSpeech,test_taf_line,,not flaky,{'Passed'},20,0,0,0,20,{'Passed'},20,0,0,0,20,FALSE,FALSE,Passed,Passed,FALSE,FALSE,tests/parsing/test_speech.py::TestSpeech::test_taf_line,tests/parsing/test_speech.py::TestSpeech::test_taf_line
avwx-engine,https://github.com/avwx-rest/avwx-engine,ed1d3e9a91fe0431e701caac4fc02ff2bfaecc04,,tests.parsing.test_speech.TestSpeech,test_temperature,,not flaky,{'Passed'},20,0,0,0,20,{'Passed'},20,0,0,0,20,FALSE,FALSE,Passed,Passed,FALSE,FALSE,tests/parsing/test_speech.py::TestSpeech::test_temperature,tests/parsing/test_speech.py::TestSpeech::test_temperature
avwx-engine,https://github.com/avwx-rest/avwx-engine,ed1d3e9a91fe0431e701caac4fc02ff2bfaecc04,,tests.parsing.test_speech.TestSpeech,test_type_and_times,,not flaky,{'Passed'},20,0,0,0,20,{'Passed'},20,0,0,0,20,FALSE,FALSE,Passed,Passed,FALSE,FALSE,tests/parsing/test_speech.py::TestSpeech::test_type_and_times,tests/parsing/test_speech.py::TestSpeech::test_type_and_times
avwx-engine,https://github.com/avwx-rest/avwx-engine,ed1d3e9a91fe0431e701caac4fc02ff2bfaecc04,,tests.parsing.test_speech.TestSpeech,test_visibility,,not flaky,{'Passed'},20,0,0,0,20,{'Passed'},20,0,0,0,20,FALSE,FALSE,Passed,Passed,FALSE,FALSE,tests/parsing/test_speech.py::TestSpeech::test_visibility,tests/parsing/test_speech.py::TestSpeech::test_visibility
avwx-engine,https://github.com/avwx-rest/avwx-engine,ed1d3e9a91fe0431e701caac4fc02ff2bfaecc04,,tests.parsing.test_speech.TestSpeech,test_wind,,not flaky,{'Passed'},20,0,0,0,20,{'Passed'},20,0,0,0,20,FALSE,FALSE,Passed,Passed,FALSE,FALSE,tests/parsing/test_speech.py::TestSpeech::test_wind,tests/parsing/test_speech.py::TestSpeech::test_wind
avwx-engine,https://github.com/avwx-rest/avwx-engine,ed1d3e9a91fe0431e701caac4fc02ff2bfaecc04,,tests.parsing.test_speech.TestSpeech,test_wind_shear,,not flaky,{'Passed'},20,0,0,0,20,{'Passed'},20,0,0,0,20,FALSE,FALSE,Passed,Passed,FALSE,FALSE,tests/parsing/test_speech.py::TestSpeech::test_wind_shear,tests/parsing/test_speech.py::TestSpeech::test_wind_shear
avwx-engine,https://github.com/avwx-rest/avwx-engine,ed1d3e9a91fe0431e701caac4fc02ff2bfaecc04,,tests.parsing.test_speech.TestSpeech,test_wx_codes,,not flaky,{'Passed'},20,0,0,0,20,{'Passed'},20,0,0,0,20,FALSE,FALSE,Passed,Passed,FALSE,FALSE,tests/parsing/test_speech.py::TestSpeech::test_wx_codes,tests/parsing/test_speech.py::TestSpeech::test_wx_codes
avwx-engine,https://github.com/avwx-rest/avwx-engine,ed1d3e9a91fe0431e701caac4fc02ff2bfaecc04,,tests.parsing.test_summary.TestSummary,test_metar,,not flaky,{'Passed'},20,0,0,0,20,{'Passed'},20,0,0,0,20,FALSE,FALSE,Passed,Passed,FALSE,FALSE,tests/parsing/test_summary.py::TestSummary::test_metar,tests/parsing/test_summary.py::TestSummary::test_metar
avwx-engine,https://github.com/avwx-rest/avwx-engine,ed1d3e9a91fe0431e701caac4fc02ff2bfaecc04,,tests.parsing.test_summary.TestSummary,test_taf,,not flaky,{'Passed'},20,0,0,0,20,{'Passed'},20,0,0,0,20,FALSE,FALSE,Passed,Passed,FALSE,FALSE,tests/parsing/test_summary.py::TestSummary::test_taf,tests/parsing/test_summary.py::TestSummary::test_taf
avwx-engine,https://github.com/avwx-rest/avwx-engine,ed1d3e9a91fe0431e701caac4fc02ff2bfaecc04,,tests.parsing.test_translate.TestMetar,test_cardinal_direction,,not flaky,{'Passed'},20,0,0,0,20,{'Passed'},20,0,0,0,20,FALSE,FALSE,Passed,Passed,FALSE,FALSE,tests/parsing/test_translate.py::TestMetar::test_cardinal_direction,tests/parsing/test_translate.py::TestMetar::test_cardinal_direction
avwx-engine,https://github.com/avwx-rest/avwx-engine,ed1d3e9a91fe0431e701caac4fc02ff2bfaecc04,,tests.parsing.test_translate.TestMetar,test_metar,,not flaky,{'Passed'},20,0,0,0,20,{'Passed'},20,0,0,0,20,FALSE,FALSE,Passed,Passed,FALSE,FALSE,tests/parsing/test_translate.py::TestMetar::test_metar,tests/parsing/test_translate.py::TestMetar::test_metar
avwx-engine,https://github.com/avwx-rest/avwx-engine,ed1d3e9a91fe0431e701caac4fc02ff2bfaecc04,,tests.parsing.test_translate.TestMetar,test_temperature,,not flaky,{'Passed'},20,0,0,0,20,{'Passed'},20,0,0,0,20,FALSE,FALSE,Passed,Passed,FALSE,FALSE,tests/parsing/test_translate.py::TestMetar::test_temperature,tests/parsing/test_translate.py::TestMetar::test_temperature
avwx-engine,https://github.com/avwx-rest/avwx-engine,ed1d3e9a91fe0431e701caac4fc02ff2bfaecc04,,tests.parsing.test_translate.TestMetar,test_wind,,not flaky,{'Passed'},20,0,0,0,20,{'Passed'},20,0,0,0,20,FALSE,FALSE,Passed,Passed,FALSE,FALSE,tests/parsing/test_translate.py::TestMetar::test_wind,tests/parsing/test_translate.py::TestMetar::test_wind
avwx-engine,https://github.com/avwx-rest/avwx-engine,ed1d3e9a91fe0431e701caac4fc02ff2bfaecc04,,tests.parsing.test_translate.TestShared,test_altimeter,,not flaky,{'Passed'},20,0,0,0,20,{'Passed'},20,0,0,0,20,FALSE,FALSE,Passed,Passed,FALSE,FALSE,tests/parsing/test_translate.py::TestShared::test_altimeter,tests/parsing/test_translate.py::TestShared::test_altimeter
avwx-engine,https://github.com/avwx-rest/avwx-engine,ed1d3e9a91fe0431e701caac4fc02ff2bfaecc04,,tests.parsing.test_translate.TestShared,test_clouds,,not flaky,{'Passed'},20,0,0,0,20,{'Passed'},20,0,0,0,20,FALSE,FALSE,Passed,Passed,FALSE,FALSE,tests/parsing/test_translate.py::TestShared::test_clouds,tests/parsing/test_translate.py::TestShared::test_clouds
avwx-engine,https://github.com/avwx-rest/avwx-engine,ed1d3e9a91fe0431e701caac4fc02ff2bfaecc04,,tests.parsing.test_translate.TestShared,test_shared,,not flaky,{'Passed'},20,0,0,0,20,{'Passed'},20,0,0,0,20,FALSE,FALSE,Passed,Passed,FALSE,FALSE,tests/parsing/test_translate.py::TestShared::test_shared,tests/parsing/test_translate.py::TestShared::test_shared
avwx-engine,https://github.com/avwx-rest/avwx-engine,ed1d3e9a91fe0431e701caac4fc02ff2bfaecc04,,tests.parsing.test_translate.TestShared,test_visibility,,not flaky,{'Passed'},20,0,0,0,20,{'Passed'},20,0,0,0,20,FALSE,FALSE,Passed,Passed,FALSE,FALSE,tests/parsing/test_translate.py::TestShared::test_visibility,tests/parsing/test_translate.py::TestShared::test_visibility
avwx-engine,https://github.com/avwx-rest/avwx-engine,ed1d3e9a91fe0431e701caac4fc02ff2bfaecc04,,tests.parsing.test_translate.TestShared,test_wx_codes,,not flaky,{'Passed'},20,0,0,0,20,{'Passed'},20,0,0,0,20,FALSE,FALSE,Passed,Passed,FALSE,FALSE,tests/parsing/test_translate.py::TestShared::test_wx_codes,tests/parsing/test_translate.py::TestShared::test_wx_codes
avwx-engine,https://github.com/avwx-rest/avwx-engine,ed1d3e9a91fe0431e701caac4fc02ff2bfaecc04,,tests.parsing.test_translate.TestTaf,test_min_max_temp,,not flaky,{'Passed'},20,0,0,0,20,{'Passed'},20,0,0,0,20,FALSE,FALSE,Passed,Passed,FALSE,FALSE,tests/parsing/test_translate.py::TestTaf::test_min_max_temp,tests/parsing/test_translate.py::TestTaf::test_min_max_temp
avwx-engine,https://github.com/avwx-rest/avwx-engine,ed1d3e9a91fe0431e701caac4fc02ff2bfaecc04,,tests.parsing.test_translate.TestTaf,test_taf,,not flaky,{'Passed'},20,0,0,0,20,{'Passed'},20,0,0,0,20,FALSE,FALSE,Passed,Passed,FALSE,FALSE,tests/parsing/test_translate.py::TestTaf::test_taf,tests/parsing/test_translate.py::TestTaf::test_taf
avwx-engine,https://github.com/avwx-rest/avwx-engine,ed1d3e9a91fe0431e701caac4fc02ff2bfaecc04,,tests.parsing.test_translate.TestTaf,test_turb_ice,,not flaky,{'Passed'},20,0,0,0,20,{'Passed'},20,0,0,0,20,FALSE,FALSE,Passed,Passed,FALSE,FALSE,tests/parsing/test_translate.py::TestTaf::test_turb_ice,tests/parsing/test_translate.py::TestTaf::test_turb_ice
avwx-engine,https://github.com/avwx-rest/avwx-engine,ed1d3e9a91fe0431e701caac4fc02ff2bfaecc04,,tests.parsing.test_translate.TestTaf,test_wind_shear,,not flaky,{'Passed'},20,0,0,0,20,{'Passed'},20,0,0,0,20,FALSE,FALSE,Passed,Passed,FALSE,FALSE,tests/parsing/test_translate.py::TestTaf::test_wind_shear,tests/parsing/test_translate.py::TestTaf::test_wind_shear
avwx-engine,https://github.com/avwx-rest/avwx-engine,ed1d3e9a91fe0431e701caac4fc02ff2bfaecc04,,tests.service.test_base.BaseTestService,test_async_fetch,,not flaky,{'Passed'},20,0,0,0,20,{'Passed'},20,0,0,0,20,FALSE,FALSE,Passed,Passed,FALSE,FALSE,tests/service/test_base.py::BaseTestService::test_async_fetch,tests/service/test_base.py::BaseTestService::test_async_fetch
avwx-engine,https://github.com/avwx-rest/avwx-engine,ed1d3e9a91fe0431e701caac4fc02ff2bfaecc04,,tests.service.test_base.BaseTestService,test_fetch,,not flaky,{'Passed'},20,0,0,0,20,{'Passed'},20,0,0,0,20,FALSE,FALSE,Passed,Passed,FALSE,FALSE,tests/service/test_base.py::BaseTestService::test_fetch,tests/service/test_base.py::BaseTestService::test_fetch
avwx-engine,https://github.com/avwx-rest/avwx-engine,ed1d3e9a91fe0431e701caac4fc02ff2bfaecc04,,tests.service.test_base.BaseTestService,test_init,,not flaky,{'Passed'},20,0,0,0,20,{'Passed'},20,0,0,0,20,FALSE,FALSE,Passed,Passed,FALSE,FALSE,tests/service/test_base.py::BaseTestService::test_init,tests/service/test_base.py::BaseTestService::test_init
avwx-engine,https://github.com/avwx-rest/avwx-engine,ed1d3e9a91fe0431e701caac4fc02ff2bfaecc04,,tests.service.test_files.BaseTestService,test_async_fetch,,not flaky,{'Passed'},20,0,0,0,20,{'Passed'},20,0,0,0,20,FALSE,FALSE,Passed,Passed,FALSE,FALSE,tests/service/test_files.py::BaseTestService::test_async_fetch,tests/service/test_files.py::BaseTestService::test_async_fetch
avwx-engine,https://github.com/avwx-rest/avwx-engine,ed1d3e9a91fe0431e701caac4fc02ff2bfaecc04,,tests.service.test_files.BaseTestService,test_fetch,,not flaky,{'Passed'},20,0,0,0,20,{'Passed'},20,0,0,0,20,FALSE,FALSE,Passed,Passed,FALSE,FALSE,tests/service/test_files.py::BaseTestService::test_fetch,tests/service/test_files.py::BaseTestService::test_fetch
avwx-engine,https://github.com/avwx-rest/avwx-engine,ed1d3e9a91fe0431e701caac4fc02ff2bfaecc04,,tests.service.test_files.BaseTestService,test_init,,not flaky,{'Passed'},20,0,0,0,20,{'Passed'},20,0,0,0,20,FALSE,FALSE,Passed,Passed,FALSE,FALSE,tests/service/test_files.py::BaseTestService::test_init,tests/service/test_files.py::BaseTestService::test_init
avwx-engine,https://github.com/avwx-rest/avwx-engine,ed1d3e9a91fe0431e701caac4fc02ff2bfaecc04,,tests.service.test_files.TestGFS,test_async_fetch,,not flaky,{'Passed'},20,0,0,0,20,{'Passed'},20,0,0,0,20,FALSE,FALSE,Passed,Passed,FALSE,FALSE,tests/service/test_files.py::TestGFS::test_async_fetch,tests/service/test_files.py::TestGFS::test_async_fetch
avwx-engine,https://github.com/avwx-rest/avwx-engine,ed1d3e9a91fe0431e701caac4fc02ff2bfaecc04,,tests.service.test_files.TestGFS,test_async_fetch_exceptions,,not flaky,{'Passed'},20,0,0,0,20,{'Passed'},20,0,0,0,20,FALSE,FALSE,Passed,Passed,FALSE,FALSE,tests/service/test_files.py::TestGFS::test_async_fetch_exceptions,tests/service/test_files.py::TestGFS::test_async_fetch_exceptions
avwx-engine,https://github.com/avwx-rest/avwx-engine,ed1d3e9a91fe0431e701caac4fc02ff2bfaecc04,,tests.service.test_files.TestGFS,test_fetch,,not flaky,{'Failed'},0,20,0,0,20,{'Failed'},0,20,0,0,20,FALSE,FALSE,Failed,Failed,FALSE,FALSE,tests/service/test_files.py::TestGFS::test_fetch,tests/service/test_files.py::TestGFS::test_fetch
avwx-engine,https://github.com/avwx-rest/avwx-engine,ed1d3e9a91fe0431e701caac4fc02ff2bfaecc04,,tests.service.test_files.TestGFS,test_init,,not flaky,{'Passed'},20,0,0,0,20,{'Passed'},20,0,0,0,20,FALSE,FALSE,Passed,Passed,FALSE,FALSE,tests/service/test_files.py::TestGFS::test_init,tests/service/test_files.py::TestGFS::test_init
avwx-engine,https://github.com/avwx-rest/avwx-engine,ed1d3e9a91fe0431e701caac4fc02ff2bfaecc04,,tests.service.test_files.TestGFS,test_not_implemented,,not flaky,{'Passed'},20,0,0,0,20,{'Passed'},20,0,0,0,20,FALSE,FALSE,Passed,Passed,FALSE,FALSE,tests/service/test_files.py::TestGFS::test_not_implemented,tests/service/test_files.py::TestGFS::test_not_implemented
avwx-engine,https://github.com/avwx-rest/avwx-engine,ed1d3e9a91fe0431e701caac4fc02ff2bfaecc04,,tests.service.test_files.TestNBM,test_async_fetch,,not flaky,{'Passed'},20,0,0,0,20,{'Passed'},20,0,0,0,20,FALSE,FALSE,Passed,Passed,FALSE,FALSE,tests/service/test_files.py::TestNBM::test_async_fetch,tests/service/test_files.py::TestNBM::test_async_fetch
avwx-engine,https://github.com/avwx-rest/avwx-engine,ed1d3e9a91fe0431e701caac4fc02ff2bfaecc04,,tests.service.test_files.TestNBM,test_async_fetch_exceptions,,not flaky,{'Passed'},20,0,0,0,20,{'Passed'},20,0,0,0,20,FALSE,FALSE,Passed,Passed,FALSE,FALSE,tests/service/test_files.py::TestNBM::test_async_fetch_exceptions,tests/service/test_files.py::TestNBM::test_async_fetch_exceptions
avwx-engine,https://github.com/avwx-rest/avwx-engine,ed1d3e9a91fe0431e701caac4fc02ff2bfaecc04,,tests.service.test_files.TestNBM,test_fetch,,not flaky,{'Passed'},20,0,0,0,20,{'Passed'},20,0,0,0,20,FALSE,FALSE,Passed,Passed,FALSE,FALSE,tests/service/test_files.py::TestNBM::test_fetch,tests/service/test_files.py::TestNBM::test_fetch
avwx-engine,https://github.com/avwx-rest/avwx-engine,ed1d3e9a91fe0431e701caac4fc02ff2bfaecc04,,tests.service.test_files.TestNBM,test_init,,not flaky,{'Passed'},20,0,0,0,20,{'Passed'},20,0,0,0,20,FALSE,FALSE,Passed,Passed,FALSE,FALSE,tests/service/test_files.py::TestNBM::test_init,tests/service/test_files.py::TestNBM::test_init
avwx-engine,https://github.com/avwx-rest/avwx-engine,ed1d3e9a91fe0431e701caac4fc02ff2bfaecc04,,tests.service.test_files.TestNBM,test_not_implemented,,not flaky,{'Passed'},20,0,0,0,20,{'Passed'},20,0,0,0,20,FALSE,FALSE,Passed,Passed,FALSE,FALSE,tests/service/test_files.py::TestNBM::test_not_implemented,tests/service/test_files.py::TestNBM::test_not_implemented
avwx-engine,https://github.com/avwx-rest/avwx-engine,ed1d3e9a91fe0431e701caac4fc02ff2bfaecc04,,tests.service.test_files.TestScrapeService,test_async_fetch,,not flaky,{'Passed'},20,0,0,0,20,{'Passed'},20,0,0,0,20,FALSE,FALSE,Passed,Passed,FALSE,FALSE,tests/service/test_files.py::TestScrapeService::test_async_fetch,tests/service/test_files.py::TestScrapeService::test_async_fetch
avwx-engine,https://github.com/avwx-rest/avwx-engine,ed1d3e9a91fe0431e701caac4fc02ff2bfaecc04,,tests.service.test_files.TestScrapeService,test_async_fetch_exceptions,,not flaky,{'Passed'},20,0,0,0,20,{'Passed'},20,0,0,0,20,FALSE,FALSE,Passed,Passed,FALSE,FALSE,tests/service/test_files.py::TestScrapeService::test_async_fetch_exceptions,tests/service/test_files.py::TestScrapeService::test_async_fetch_exceptions
avwx-engine,https://github.com/avwx-rest/avwx-engine,ed1d3e9a91fe0431e701caac4fc02ff2bfaecc04,,tests.service.test_files.TestScrapeService,test_fetch,,not flaky,{'Passed'},20,0,0,0,20,{'Passed'},20,0,0,0,20,FALSE,FALSE,Passed,Passed,FALSE,FALSE,tests/service/test_files.py::TestScrapeService::test_fetch,tests/service/test_files.py::TestScrapeService::test_fetch
avwx-engine,https://github.com/avwx-rest/avwx-engine,ed1d3e9a91fe0431e701caac4fc02ff2bfaecc04,,tests.service.test_files.TestScrapeService,test_init,,not flaky,{'Passed'},20,0,0,0,20,{'Passed'},20,0,0,0,20,FALSE,FALSE,Passed,Passed,FALSE,FALSE,tests/service/test_files.py::TestScrapeService::test_init,tests/service/test_files.py::TestScrapeService::test_init
avwx-engine,https://github.com/avwx-rest/avwx-engine,ed1d3e9a91fe0431e701caac4fc02ff2bfaecc04,,tests.service.test_files.TestScrapeService,test_not_implemented,,not flaky,{'Passed'},20,0,0,0,20,{'Passed'},20,0,0,0,20,FALSE,FALSE,Passed,Passed,FALSE,FALSE,tests/service/test_files.py::TestScrapeService::test_not_implemented,tests/service/test_files.py::TestScrapeService::test_not_implemented
avwx-engine,https://github.com/avwx-rest/avwx-engine,ed1d3e9a91fe0431e701caac4fc02ff2bfaecc04,,tests.service.test_scrape.BaseTestService,test_async_fetch,,not flaky,{'Passed'},20,0,0,0,20,{'Passed'},20,0,0,0,20,FALSE,FALSE,Passed,Passed,FALSE,FALSE,tests/service/test_scrape.py::BaseTestService::test_async_fetch,tests/service/test_scrape.py::BaseTestService::test_async_fetch
avwx-engine,https://github.com/avwx-rest/avwx-engine,ed1d3e9a91fe0431e701caac4fc02ff2bfaecc04,,tests.service.test_scrape.BaseTestService,test_fetch,,not flaky,{'Passed'},20,0,0,0,20,{'Passed'},20,0,0,0,20,FALSE,FALSE,Passed,Passed,FALSE,FALSE,tests/service/test_scrape.py::BaseTestService::test_fetch,tests/service/test_scrape.py::BaseTestService::test_fetch
avwx-engine,https://github.com/avwx-rest/avwx-engine,ed1d3e9a91fe0431e701caac4fc02ff2bfaecc04,,tests.service.test_scrape.BaseTestService,test_init,,not flaky,{'Passed'},20,0,0,0,20,{'Passed'},20,0,0,0,20,FALSE,FALSE,Passed,Passed,FALSE,FALSE,tests/service/test_scrape.py::BaseTestService::test_init,tests/service/test_scrape.py::BaseTestService::test_init
avwx-engine,https://github.com/avwx-rest/avwx-engine,ed1d3e9a91fe0431e701caac4fc02ff2bfaecc04,,tests.service.test_scrape.TestAMO,test_async_fetch,,not flaky,{'Passed'},20,0,0,0,20,{'Passed'},20,0,0,0,20,FALSE,FALSE,Passed,Passed,FALSE,FALSE,tests/service/test_scrape.py::TestAMO::test_async_fetch,tests/service/test_scrape.py::TestAMO::test_async_fetch
avwx-engine,https://github.com/avwx-rest/avwx-engine,ed1d3e9a91fe0431e701caac4fc02ff2bfaecc04,,tests.service.test_scrape.TestAMO,test_async_fetch_exceptions,,not flaky,{'Passed'},20,0,0,0,20,{'Passed'},20,0,0,0,20,FALSE,FALSE,Passed,Passed,FALSE,FALSE,tests/service/test_scrape.py::TestAMO::test_async_fetch_exceptions,tests/service/test_scrape.py::TestAMO::test_async_fetch_exceptions
avwx-engine,https://github.com/avwx-rest/avwx-engine,ed1d3e9a91fe0431e701caac4fc02ff2bfaecc04,,tests.service.test_scrape.TestAMO,test_fetch,,non-order-dependent,"{'Failed', 'Passed'}",10,10,0,0,20,"{'Failed', 'Passed'}",8,12,0,0,20,TRUE,TRUE,Flaky,Flaky,FALSE,FALSE,tests/service/test_scrape.py::TestAMO::test_fetch,tests/service/test_scrape.py::TestAMO::test_fetch
avwx-engine,https://github.com/avwx-rest/avwx-engine,ed1d3e9a91fe0431e701caac4fc02ff2bfaecc04,,tests.service.test_scrape.TestAMO,test_fetch_exceptions,,not flaky,{'Passed'},20,0,0,0,20,{'Passed'},20,0,0,0,20,FALSE,FALSE,Passed,Passed,FALSE,FALSE,tests/service/test_scrape.py::TestAMO::test_fetch_exceptions,tests/service/test_scrape.py::TestAMO::test_fetch_exceptions
avwx-engine,https://github.com/avwx-rest/avwx-engine,ed1d3e9a91fe0431e701caac4fc02ff2bfaecc04,,tests.service.test_scrape.TestAMO,test_init,,not flaky,{'Passed'},20,0,0,0,20,{'Passed'},20,0,0,0,20,FALSE,FALSE,Passed,Passed,FALSE,FALSE,tests/service/test_scrape.py::TestAMO::test_init,tests/service/test_scrape.py::TestAMO::test_init
avwx-engine,https://github.com/avwx-rest/avwx-engine,ed1d3e9a91fe0431e701caac4fc02ff2bfaecc04,,tests.service.test_scrape.TestAMO,test_make_err,,not flaky,{'Passed'},20,0,0,0,20,{'Passed'},20,0,0,0,20,FALSE,FALSE,Passed,Passed,FALSE,FALSE,tests/service/test_scrape.py::TestAMO::test_make_err,tests/service/test_scrape.py::TestAMO::test_make_err
avwx-engine,https://github.com/avwx-rest/avwx-engine,ed1d3e9a91fe0431e701caac4fc02ff2bfaecc04,,tests.service.test_scrape.TestAMO,test_service,,not flaky,{'Passed'},20,0,0,0,20,{'Passed'},20,0,0,0,20,FALSE,FALSE,Passed,Passed,FALSE,FALSE,tests/service/test_scrape.py::TestAMO::test_service,tests/service/test_scrape.py::TestAMO::test_service
avwx-engine,https://github.com/avwx-rest/avwx-engine,ed1d3e9a91fe0431e701caac4fc02ff2bfaecc04,,tests.service.test_scrape.TestAUBOM,test_async_fetch,,not flaky,{'Passed'},20,0,0,0,20,{'Passed'},20,0,0,0,20,FALSE,FALSE,Passed,Passed,FALSE,FALSE,tests/service/test_scrape.py::TestAUBOM::test_async_fetch,tests/service/test_scrape.py::TestAUBOM::test_async_fetch
avwx-engine,https://github.com/avwx-rest/avwx-engine,ed1d3e9a91fe0431e701caac4fc02ff2bfaecc04,,tests.service.test_scrape.TestAUBOM,test_async_fetch_exceptions,,not flaky,{'Passed'},20,0,0,0,20,{'Passed'},20,0,0,0,20,FALSE,FALSE,Passed,Passed,FALSE,FALSE,tests/service/test_scrape.py::TestAUBOM::test_async_fetch_exceptions,tests/service/test_scrape.py::TestAUBOM::test_async_fetch_exceptions
avwx-engine,https://github.com/avwx-rest/avwx-engine,ed1d3e9a91fe0431e701caac4fc02ff2bfaecc04,,tests.service.test_scrape.TestAUBOM,test_fetch,,not flaky,{'Failed'},0,20,0,0,20,{'Failed'},0,20,0,0,20,FALSE,FALSE,Failed,Failed,FALSE,FALSE,tests/service/test_scrape.py::TestAUBOM::test_fetch,tests/service/test_scrape.py::TestAUBOM::test_fetch
avwx-engine,https://github.com/avwx-rest/avwx-engine,ed1d3e9a91fe0431e701caac4fc02ff2bfaecc04,,tests.service.test_scrape.TestAUBOM,test_fetch_exceptions,,not flaky,{'Passed'},20,0,0,0,20,{'Passed'},20,0,0,0,20,FALSE,FALSE,Passed,Passed,FALSE,FALSE,tests/service/test_scrape.py::TestAUBOM::test_fetch_exceptions,tests/service/test_scrape.py::TestAUBOM::test_fetch_exceptions
avwx-engine,https://github.com/avwx-rest/avwx-engine,ed1d3e9a91fe0431e701caac4fc02ff2bfaecc04,,tests.service.test_scrape.TestAUBOM,test_init,,not flaky,{'Passed'},20,0,0,0,20,{'Passed'},20,0,0,0,20,FALSE,FALSE,Passed,Passed,FALSE,FALSE,tests/service/test_scrape.py::TestAUBOM::test_init,tests/service/test_scrape.py::TestAUBOM::test_init
avwx-engine,https://github.com/avwx-rest/avwx-engine,ed1d3e9a91fe0431e701caac4fc02ff2bfaecc04,,tests.service.test_scrape.TestAUBOM,test_make_err,,not flaky,{'Passed'},20,0,0,0,20,{'Passed'},20,0,0,0,20,FALSE,FALSE,Passed,Passed,FALSE,FALSE,tests/service/test_scrape.py::TestAUBOM::test_make_err,tests/service/test_scrape.py::TestAUBOM::test_make_err
avwx-engine,https://github.com/avwx-rest/avwx-engine,ed1d3e9a91fe0431e701caac4fc02ff2bfaecc04,,tests.service.test_scrape.TestAUBOM,test_service,,not flaky,{'Passed'},20,0,0,0,20,{'Passed'},20,0,0,0,20,FALSE,FALSE,Passed,Passed,FALSE,FALSE,tests/service/test_scrape.py::TestAUBOM::test_service,tests/service/test_scrape.py::TestAUBOM::test_service
avwx-engine,https://github.com/avwx-rest/avwx-engine,ed1d3e9a91fe0431e701caac4fc02ff2bfaecc04,,tests.service.test_scrape.TestMAC,test_async_fetch,,not flaky,{'Passed'},20,0,0,0,20,{'Passed'},20,0,0,0,20,FALSE,FALSE,Passed,Passed,FALSE,FALSE,tests/service/test_scrape.py::TestMAC::test_async_fetch,tests/service/test_scrape.py::TestMAC::test_async_fetch
avwx-engine,https://github.com/avwx-rest/avwx-engine,ed1d3e9a91fe0431e701caac4fc02ff2bfaecc04,,tests.service.test_scrape.TestMAC,test_async_fetch_exceptions,,not flaky,{'Passed'},20,0,0,0,20,{'Passed'},20,0,0,0,20,FALSE,FALSE,Passed,Passed,FALSE,FALSE,tests/service/test_scrape.py::TestMAC::test_async_fetch_exceptions,tests/service/test_scrape.py::TestMAC::test_async_fetch_exceptions
avwx-engine,https://github.com/avwx-rest/avwx-engine,ed1d3e9a91fe0431e701caac4fc02ff2bfaecc04,,tests.service.test_scrape.TestMAC,test_fetch,,not flaky,{'Failed'},0,20,0,0,20,{'Failed'},0,20,0,0,20,FALSE,FALSE,Failed,Failed,FALSE,FALSE,tests/service/test_scrape.py::TestMAC::test_fetch,tests/service/test_scrape.py::TestMAC::test_fetch
avwx-engine,https://github.com/avwx-rest/avwx-engine,ed1d3e9a91fe0431e701caac4fc02ff2bfaecc04,,tests.service.test_scrape.TestMAC,test_fetch_exceptions,,not flaky,{'Passed'},20,0,0,0,20,{'Passed'},20,0,0,0,20,FALSE,FALSE,Passed,Passed,FALSE,FALSE,tests/service/test_scrape.py::TestMAC::test_fetch_exceptions,tests/service/test_scrape.py::TestMAC::test_fetch_exceptions
avwx-engine,https://github.com/avwx-rest/avwx-engine,ed1d3e9a91fe0431e701caac4fc02ff2bfaecc04,,tests.service.test_scrape.TestMAC,test_init,,not flaky,{'Passed'},20,0,0,0,20,{'Passed'},20,0,0,0,20,FALSE,FALSE,Passed,Passed,FALSE,FALSE,tests/service/test_scrape.py::TestMAC::test_init,tests/service/test_scrape.py::TestMAC::test_init
avwx-engine,https://github.com/avwx-rest/avwx-engine,ed1d3e9a91fe0431e701caac4fc02ff2bfaecc04,,tests.service.test_scrape.TestMAC,test_make_err,,not flaky,{'Passed'},20,0,0,0,20,{'Passed'},20,0,0,0,20,FALSE,FALSE,Passed,Passed,FALSE,FALSE,tests/service/test_scrape.py::TestMAC::test_make_err,tests/service/test_scrape.py::TestMAC::test_make_err
avwx-engine,https://github.com/avwx-rest/avwx-engine,ed1d3e9a91fe0431e701caac4fc02ff2bfaecc04,,tests.service.test_scrape.TestMAC,test_service,,not flaky,{'Passed'},20,0,0,0,20,{'Passed'},20,0,0,0,20,FALSE,FALSE,Passed,Passed,FALSE,FALSE,tests/service/test_scrape.py::TestMAC::test_service,tests/service/test_scrape.py::TestMAC::test_service
avwx-engine,https://github.com/avwx-rest/avwx-engine,ed1d3e9a91fe0431e701caac4fc02ff2bfaecc04,,tests.service.test_scrape.TestModule,test_get_service,,not flaky,{'Passed'},20,0,0,0,20,{'Passed'},20,0,0,0,20,FALSE,FALSE,Passed,Passed,FALSE,FALSE,tests/service/test_scrape.py::TestModule::test_get_service,tests/service/test_scrape.py::TestModule::test_get_service
avwx-engine,https://github.com/avwx-rest/avwx-engine,ed1d3e9a91fe0431e701caac4fc02ff2bfaecc04,,tests.service.test_scrape.TestNOAA,test_async_fetch,,not flaky,{'Passed'},20,0,0,0,20,{'Passed'},20,0,0,0,20,FALSE,FALSE,Passed,Passed,FALSE,FALSE,tests/service/test_scrape.py::TestNOAA::test_async_fetch,tests/service/test_scrape.py::TestNOAA::test_async_fetch
avwx-engine,https://github.com/avwx-rest/avwx-engine,ed1d3e9a91fe0431e701caac4fc02ff2bfaecc04,,tests.service.test_scrape.TestNOAA,test_async_fetch_exceptions,,not flaky,{'Passed'},20,0,0,0,20,{'Passed'},20,0,0,0,20,FALSE,FALSE,Passed,Passed,FALSE,FALSE,tests/service/test_scrape.py::TestNOAA::test_async_fetch_exceptions,tests/service/test_scrape.py::TestNOAA::test_async_fetch_exceptions
avwx-engine,https://github.com/avwx-rest/avwx-engine,ed1d3e9a91fe0431e701caac4fc02ff2bfaecc04,,tests.service.test_scrape.TestNOAA,test_fetch,,not flaky,{'Failed'},0,20,0,0,20,{'Failed'},0,20,0,0,20,FALSE,FALSE,Failed,Failed,FALSE,FALSE,tests/service/test_scrape.py::TestNOAA::test_fetch,tests/service/test_scrape.py::TestNOAA::test_fetch
avwx-engine,https://github.com/avwx-rest/avwx-engine,ed1d3e9a91fe0431e701caac4fc02ff2bfaecc04,,tests.service.test_scrape.TestNOAA,test_fetch_exceptions,,not flaky,{'Passed'},20,0,0,0,20,{'Passed'},20,0,0,0,20,FALSE,FALSE,Passed,Passed,FALSE,FALSE,tests/service/test_scrape.py::TestNOAA::test_fetch_exceptions,tests/service/test_scrape.py::TestNOAA::test_fetch_exceptions
avwx-engine,https://github.com/avwx-rest/avwx-engine,ed1d3e9a91fe0431e701caac4fc02ff2bfaecc04,,tests.service.test_scrape.TestNOAA,test_init,,not flaky,{'Passed'},20,0,0,0,20,{'Passed'},20,0,0,0,20,FALSE,FALSE,Passed,Passed,FALSE,FALSE,tests/service/test_scrape.py::TestNOAA::test_init,tests/service/test_scrape.py::TestNOAA::test_init
avwx-engine,https://github.com/avwx-rest/avwx-engine,ed1d3e9a91fe0431e701caac4fc02ff2bfaecc04,,tests.service.test_scrape.TestNOAA,test_make_err,,not flaky,{'Passed'},20,0,0,0,20,{'Passed'},20,0,0,0,20,FALSE,FALSE,Passed,Passed,FALSE,FALSE,tests/service/test_scrape.py::TestNOAA::test_make_err,tests/service/test_scrape.py::TestNOAA::test_make_err
avwx-engine,https://github.com/avwx-rest/avwx-engine,ed1d3e9a91fe0431e701caac4fc02ff2bfaecc04,,tests.service.test_scrape.TestNOAA,test_service,,not flaky,{'Passed'},20,0,0,0,20,{'Passed'},20,0,0,0,20,FALSE,FALSE,Passed,Passed,FALSE,FALSE,tests/service/test_scrape.py::TestNOAA::test_service,tests/service/test_scrape.py::TestNOAA::test_service
avwx-engine,https://github.com/avwx-rest/avwx-engine,ed1d3e9a91fe0431e701caac4fc02ff2bfaecc04,,tests.service.test_scrape.TestScrapeService,test_async_fetch,,not flaky,{'Passed'},20,0,0,0,20,{'Passed'},20,0,0,0,20,FALSE,FALSE,Passed,Passed,FALSE,FALSE,tests/service/test_scrape.py::TestScrapeService::test_async_fetch,tests/service/test_scrape.py::TestScrapeService::test_async_fetch
avwx-engine,https://github.com/avwx-rest/avwx-engine,ed1d3e9a91fe0431e701caac4fc02ff2bfaecc04,,tests.service.test_scrape.TestScrapeService,test_async_fetch_exceptions,,not flaky,{'Passed'},20,0,0,0,20,{'Passed'},20,0,0,0,20,FALSE,FALSE,Passed,Passed,FALSE,FALSE,tests/service/test_scrape.py::TestScrapeService::test_async_fetch_exceptions,tests/service/test_scrape.py::TestScrapeService::test_async_fetch_exceptions
avwx-engine,https://github.com/avwx-rest/avwx-engine,ed1d3e9a91fe0431e701caac4fc02ff2bfaecc04,,tests.service.test_scrape.TestScrapeService,test_fetch,,not flaky,{'Passed'},20,0,0,0,20,{'Passed'},20,0,0,0,20,FALSE,FALSE,Passed,Passed,FALSE,FALSE,tests/service/test_scrape.py::TestScrapeService::test_fetch,tests/service/test_scrape.py::TestScrapeService::test_fetch
avwx-engine,https://github.com/avwx-rest/avwx-engine,ed1d3e9a91fe0431e701caac4fc02ff2bfaecc04,,tests.service.test_scrape.TestScrapeService,test_fetch_exceptions,,not flaky,{'Passed'},20,0,0,0,20,{'Passed'},20,0,0,0,20,FALSE,FALSE,Passed,Passed,FALSE,FALSE,tests/service/test_scrape.py::TestScrapeService::test_fetch_exceptions,tests/service/test_scrape.py::TestScrapeService::test_fetch_exceptions
avwx-engine,https://github.com/avwx-rest/avwx-engine,ed1d3e9a91fe0431e701caac4fc02ff2bfaecc04,,tests.service.test_scrape.TestScrapeService,test_init,,not flaky,{'Passed'},20,0,0,0,20,{'Passed'},20,0,0,0,20,FALSE,FALSE,Passed,Passed,FALSE,FALSE,tests/service/test_scrape.py::TestScrapeService::test_init,tests/service/test_scrape.py::TestScrapeService::test_init
avwx-engine,https://github.com/avwx-rest/avwx-engine,ed1d3e9a91fe0431e701caac4fc02ff2bfaecc04,,tests.service.test_scrape.TestScrapeService,test_make_err,,not flaky,{'Passed'},20,0,0,0,20,{'Passed'},20,0,0,0,20,FALSE,FALSE,Passed,Passed,FALSE,FALSE,tests/service/test_scrape.py::TestScrapeService::test_make_err,tests/service/test_scrape.py::TestScrapeService::test_make_err
avwx-engine,https://github.com/avwx-rest/avwx-engine,ed1d3e9a91fe0431e701caac4fc02ff2bfaecc04,,tests.service.test_scrape.TestScrapeService,test_service,,not flaky,{'Passed'},20,0,0,0,20,{'Passed'},20,0,0,0,20,FALSE,FALSE,Passed,Passed,FALSE,FALSE,tests/service/test_scrape.py::TestScrapeService::test_service,tests/service/test_scrape.py::TestScrapeService::test_service
avwx-engine,https://github.com/avwx-rest/avwx-engine,ed1d3e9a91fe0431e701caac4fc02ff2bfaecc04,,tests.test_station.TestStation,test_from_icao,,not flaky,{'Passed'},20,0,0,0,20,{'Passed'},20,0,0,0,20,FALSE,FALSE,Passed,Passed,FALSE,FALSE,tests/test_station.py::TestStation::test_from_icao,tests/test_station.py::TestStation::test_from_icao
avwx-engine,https://github.com/avwx-rest/avwx-engine,ed1d3e9a91fe0431e701caac4fc02ff2bfaecc04,,tests.test_station.TestStation,test_nearest,,not flaky,{'Passed'},20,0,0,0,20,{'Passed'},20,0,0,0,20,FALSE,FALSE,Passed,Passed,FALSE,FALSE,tests/test_station.py::TestStation::test_nearest,tests/test_station.py::TestStation::test_nearest
avwx-engine,https://github.com/avwx-rest/avwx-engine,ed1d3e9a91fe0431e701caac4fc02ff2bfaecc04,,tests.test_station.TestStation,test_sends_reports,,not flaky,{'Passed'},20,0,0,0,20,{'Passed'},20,0,0,0,20,FALSE,FALSE,Passed,Passed,FALSE,FALSE,tests/test_station.py::TestStation::test_sends_reports,tests/test_station.py::TestStation::test_sends_reports
avwx-engine,https://github.com/avwx-rest/avwx-engine,ed1d3e9a91fe0431e701caac4fc02ff2bfaecc04,,tests.test_station.TestStationFuncs,test_nearest,,not flaky,{'Passed'},20,0,0,0,20,{'Passed'},20,0,0,0,20,FALSE,FALSE,Passed,Passed,FALSE,FALSE,tests/test_station.py::TestStationFuncs::test_nearest,tests/test_station.py::TestStationFuncs::test_nearest
avwx-engine,https://github.com/avwx-rest/avwx-engine,ed1d3e9a91fe0431e701caac4fc02ff2bfaecc04,,tests.test_station.TestStationFuncs,test_nearest_filter,,not flaky,{'Passed'},20,0,0,0,20,{'Passed'},20,0,0,0,20,FALSE,FALSE,Passed,Passed,FALSE,FALSE,tests/test_station.py::TestStationFuncs::test_nearest_filter,tests/test_station.py::TestStationFuncs::test_nearest_filter
avwx-engine,https://github.com/avwx-rest/avwx-engine,ed1d3e9a91fe0431e701caac4fc02ff2bfaecc04,,tests.test_station.TestStationFuncs,test_uses_na_format,,not flaky,{'Passed'},20,0,0,0,20,{'Passed'},20,0,0,0,20,FALSE,FALSE,Passed,Passed,FALSE,FALSE,tests/test_station.py::TestStationFuncs::test_uses_na_format,tests/test_station.py::TestStationFuncs::test_uses_na_format
avwx-engine,https://github.com/avwx-rest/avwx-engine,ed1d3e9a91fe0431e701caac4fc02ff2bfaecc04,,tests.test_station.TestStationFuncs,test_valid_station,,not flaky,{'Passed'},20,0,0,0,20,{'Passed'},20,0,0,0,20,FALSE,FALSE,Passed,Passed,FALSE,FALSE,tests/test_station.py::TestStationFuncs::test_valid_station,tests/test_station.py::TestStationFuncs::test_valid_station
base10,https://github.com/mattdavis90/base10,93577e85215e4cd7f02a504ff6a23501d56a1748,,base10.test.dialects.test_influxdb.TestInfluxDB,test_construction,,not flaky,{'Passed'},20,0,0,0,20,{'Passed'},20,0,0,0,20,FALSE,FALSE,Passed,Passed,FALSE,FALSE,base10/test/dialects/test_influxdb.py::TestInfluxDB::test_construction,base10/test/dialects/test_influxdb.py::TestInfluxDB::test_construction
base10,https://github.com/mattdavis90/base10,93577e85215e4cd7f02a504ff6a23501d56a1748,,base10.test.dialects.test_influxdb.TestInfluxDB,test_to_string,,not flaky,{'Passed'},20,0,0,0,20,{'Passed'},20,0,0,0,20,FALSE,FALSE,Passed,Passed,FALSE,FALSE,base10/test/dialects/test_influxdb.py::TestInfluxDB::test_to_string,base10/test/dialects/test_influxdb.py::TestInfluxDB::test_to_string
base10,https://github.com/mattdavis90/base10,93577e85215e4cd7f02a504ff6a23501d56a1748,,base10.test.test_base.TestDialects,test_dialect_construction,,not flaky,{'Passed'},20,0,0,0,20,{'Passed'},20,0,0,0,20,FALSE,FALSE,Passed,Passed,FALSE,FALSE,base10/test/test_base.py::TestDialects::test_dialect_construction,base10/test/test_base.py::TestDialects::test_dialect_construction
base10,https://github.com/mattdavis90/base10,93577e85215e4cd7f02a504ff6a23501d56a1748,,base10.test.test_base.TestDialects,test_dialect_from_string_exception,,not flaky,{'Passed'},20,0,0,0,20,{'Passed'},20,0,0,0,20,FALSE,FALSE,Passed,Passed,FALSE,FALSE,base10/test/test_base.py::TestDialects::test_dialect_from_string_exception,base10/test/test_base.py::TestDialects::test_dialect_from_string_exception
base10,https://github.com/mattdavis90/base10,93577e85215e4cd7f02a504ff6a23501d56a1748,,base10.test.test_base.TestDialects,test_dialect_to_string_exception,,not flaky,{'Passed'},20,0,0,0,20,{'Passed'},20,0,0,0,20,FALSE,FALSE,Passed,Passed,FALSE,FALSE,base10/test/test_base.py::TestDialects::test_dialect_to_string_exception,base10/test/test_base.py::TestDialects::test_dialect_to_string_exception
base10,https://github.com/mattdavis90/base10,93577e85215e4cd7f02a504ff6a23501d56a1748,,base10.test.test_base.TestMetrics,test_metric_add_time,,not flaky,{'Passed'},20,0,0,0,20,{'Passed'},20,0,0,0,20,FALSE,FALSE,Passed,Passed,FALSE,FALSE,base10/test/test_base.py::TestMetrics::test_metric_add_time,base10/test/test_base.py::TestMetrics::test_metric_add_time
base10,https://github.com/mattdavis90/base10,93577e85215e4cd7f02a504ff6a23501d56a1748,,base10.test.test_base.TestMetrics,test_metric_handle_time_field,,not flaky,{'Passed'},20,0,0,0,20,{'Passed'},20,0,0,0,20,FALSE,FALSE,Passed,Passed,FALSE,FALSE,base10/test/test_base.py::TestMetrics::test_metric_handle_time_field,base10/test/test_base.py::TestMetrics::test_metric_handle_time_field
base10,https://github.com/mattdavis90/base10,93577e85215e4cd7f02a504ff6a23501d56a1748,,base10.test.test_base.TestMetrics,test_metric_name_exception,,not flaky,{'Passed'},20,0,0,0,20,{'Passed'},20,0,0,0,20,FALSE,FALSE,Passed,Passed,FALSE,FALSE,base10/test/test_base.py::TestMetrics::test_metric_name_exception,base10/test/test_base.py::TestMetrics::test_metric_name_exception
base10,https://github.com/mattdavis90/base10,93577e85215e4cd7f02a504ff6a23501d56a1748,,base10.test.test_base.TestMetrics,test_metric_properties,,not flaky,{'Passed'},20,0,0,0,20,{'Passed'},20,0,0,0,20,FALSE,FALSE,Passed,Passed,FALSE,FALSE,base10/test/test_base.py::TestMetrics::test_metric_properties,base10/test/test_base.py::TestMetrics::test_metric_properties
base10,https://github.com/mattdavis90/base10,93577e85215e4cd7f02a504ff6a23501d56a1748,,base10.test.test_base.TestMetrics,test_metric_repr,,not flaky,{'Passed'},20,0,0,0,20,{'Passed'},20,0,0,0,20,FALSE,FALSE,Passed,Passed,FALSE,FALSE,base10/test/test_base.py::TestMetrics::test_metric_repr,base10/test/test_base.py::TestMetrics::test_metric_repr
base10,https://github.com/mattdavis90/base10,93577e85215e4cd7f02a504ff6a23501d56a1748,,base10.test.test_base.TestTransports,test_reader_construction,,not flaky,{'Passed'},20,0,0,0,20,{'Passed'},20,0,0,0,20,FALSE,FALSE,Passed,Passed,FALSE,FALSE,base10/test/test_base.py::TestTransports::test_reader_construction,base10/test/test_base.py::TestTransports::test_reader_construction
base10,https://github.com/mattdavis90/base10,93577e85215e4cd7f02a504ff6a23501d56a1748,,base10.test.test_base.TestTransports,test_writer_construction,,not flaky,{'Passed'},20,0,0,0,20,{'Passed'},20,0,0,0,20,FALSE,FALSE,Passed,Passed,FALSE,FALSE,base10/test/test_base.py::TestTransports::test_writer_construction,base10/test/test_base.py::TestTransports::test_writer_construction
base10,https://github.com/mattdavis90/base10,93577e85215e4cd7f02a504ff6a23501d56a1748,,base10.test.test_exceptions.TestExceptions,test_base10_error,,not flaky,{'Passed'},20,0,0,0,20,{'Passed'},20,0,0,0,20,FALSE,FALSE,Passed,Passed,FALSE,FALSE,base10/test/test_exceptions.py::TestExceptions::test_base10_error,base10/test/test_exceptions.py::TestExceptions::test_base10_error
base10,https://github.com/mattdavis90/base10,93577e85215e4cd7f02a504ff6a23501d56a1748,,base10.test.test_helpers.TestMetricHandler,test_metric_handler_no_dialect_with_reader,,not flaky,{'Passed'},20,0,0,0,20,{'Passed'},20,0,0,0,20,FALSE,FALSE,Passed,Passed,FALSE,FALSE,base10/test/test_helpers.py::TestMetricHandler::test_metric_handler_no_dialect_with_reader,base10/test/test_helpers.py::TestMetricHandler::test_metric_handler_no_dialect_with_reader
base10,https://github.com/mattdavis90/base10,93577e85215e4cd7f02a504ff6a23501d56a1748,,base10.test.test_helpers.TestMetricHandler,test_metric_handler_no_dialect_with_writer,,not flaky,{'Passed'},20,0,0,0,20,{'Passed'},20,0,0,0,20,FALSE,FALSE,Passed,Passed,FALSE,FALSE,base10/test/test_helpers.py::TestMetricHandler::test_metric_handler_no_dialect_with_writer,base10/test/test_helpers.py::TestMetricHandler::test_metric_handler_no_dialect_with_writer
base10,https://github.com/mattdavis90/base10,93577e85215e4cd7f02a504ff6a23501d56a1748,,base10.test.test_helpers.TestMetricHandler,test_metric_handler_no_reader_writer,,not flaky,{'Passed'},20,0,0,0,20,{'Passed'},20,0,0,0,20,FALSE,FALSE,Passed,Passed,FALSE,FALSE,base10/test/test_helpers.py::TestMetricHandler::test_metric_handler_no_reader_writer,base10/test/test_helpers.py::TestMetricHandler::test_metric_handler_no_reader_writer
base10,https://github.com/mattdavis90/base10,93577e85215e4cd7f02a504ff6a23501d56a1748,,base10.test.test_helpers.TestMetricHandler,test_metric_handler_read_from_write_only,,not flaky,{'Passed'},20,0,0,0,20,{'Passed'},20,0,0,0,20,FALSE,FALSE,Passed,Passed,FALSE,FALSE,base10/test/test_helpers.py::TestMetricHandler::test_metric_handler_read_from_write_only,base10/test/test_helpers.py::TestMetricHandler::test_metric_handler_read_from_write_only
base10,https://github.com/mattdavis90/base10,93577e85215e4cd7f02a504ff6a23501d56a1748,,base10.test.test_helpers.TestMetricHandler,test_metric_handler_write_to_read_only,,not flaky,{'Passed'},20,0,0,0,20,{'Passed'},20,0,0,0,20,FALSE,FALSE,Passed,Passed,FALSE,FALSE,base10/test/test_helpers.py::TestMetricHandler::test_metric_handler_write_to_read_only,base10/test/test_helpers.py::TestMetricHandler::test_metric_handler_write_to_read_only
base10,https://github.com/mattdavis90/base10,93577e85215e4cd7f02a504ff6a23501d56a1748,,base10.test.test_helpers.TestMetricHelper,test_metric_helper,,not flaky,{'Passed'},20,0,0,0,20,{'Passed'},20,0,0,0,20,FALSE,FALSE,Passed,Passed,FALSE,FALSE,base10/test/test_helpers.py::TestMetricHelper::test_metric_helper,base10/test/test_helpers.py::TestMetricHelper::test_metric_helper
base10,https://github.com/mattdavis90/base10,93577e85215e4cd7f02a504ff6a23501d56a1748,,base10.test.test_helpers.TestMetricHelper,test_metric_helper_fields_exception,,order-dependent,{'Passed'},20,0,0,0,20,"{'Failed', 'Passed'}",9,11,0,0,20,FALSE,TRUE,Passed,Flaky,TRUE,FALSE,base10/test/test_helpers.py::TestMetricHelper::test_metric_helper_fields_exception,base10/test/test_helpers.py::TestMetricHelper::test_metric_helper_fields_exception
base10,https://github.com/mattdavis90/base10,93577e85215e4cd7f02a504ff6a23501d56a1748,,base10.test.test_helpers.TestMetricHelper,test_metric_helper_handles_time_field,,order-dependent,{'Passed'},20,0,0,0,20,"{'Failed', 'Passed'}",8,12,0,0,20,FALSE,TRUE,Passed,Flaky,TRUE,FALSE,base10/test/test_helpers.py::TestMetricHelper::test_metric_helper_handles_time_field,base10/test/test_helpers.py::TestMetricHelper::test_metric_helper_handles_time_field
base10,https://github.com/mattdavis90/base10,93577e85215e4cd7f02a504ff6a23501d56a1748,,base10.test.test_helpers.TestMetricHelper,test_metric_helper_kwargs,,not flaky,{'Passed'},20,0,0,0,20,{'Passed'},20,0,0,0,20,FALSE,FALSE,Passed,Passed,FALSE,FALSE,base10/test/test_helpers.py::TestMetricHelper::test_metric_helper_kwargs,base10/test/test_helpers.py::TestMetricHelper::test_metric_helper_kwargs
base10,https://github.com/mattdavis90/base10,93577e85215e4cd7f02a504ff6a23501d56a1748,,base10.test.test_helpers.TestMetricHelper,test_metric_helper_metadata_exception,,order-dependent,{'Passed'},20,0,0,0,20,"{'Failed', 'Passed'}",8,12,0,0,20,FALSE,TRUE,Passed,Flaky,TRUE,FALSE,base10/test/test_helpers.py::TestMetricHelper::test_metric_helper_metadata_exception,base10/test/test_helpers.py::TestMetricHelper::test_metric_helper_metadata_exception
base10,https://github.com/mattdavis90/base10,93577e85215e4cd7f02a504ff6a23501d56a1748,,base10.test.test_helpers.TestMetricHelper,test_metric_helper_name_exception,,order-dependent,{'Passed'},20,0,0,0,20,"{'Failed', 'Passed'}",9,11,0,0,20,FALSE,TRUE,Passed,Flaky,TRUE,FALSE,base10/test/test_helpers.py::TestMetricHelper::test_metric_helper_name_exception,base10/test/test_helpers.py::TestMetricHelper::test_metric_helper_name_exception
flapy_example,./minimal_flaky_python_tests,,,test_flaky,test_concurrency,,not flaky,{'Failed'},0,20,0,0,20,{'Failed'},0,20,0,0,20,FALSE,FALSE,Failed,Failed,FALSE,FALSE,test_flaky.py::test_concurrency,test_flaky.py::test_concurrency
flapy_example,./minimal_flaky_python_tests,,,test_flaky,test_floating_point_operation,,not flaky,{'Failed'},0,20,0,0,20,{'Failed'},0,20,0,0,20,FALSE,FALSE,Failed,Failed,FALSE,FALSE,test_flaky.py::test_floating_point_operation,test_flaky.py::test_floating_point_operation
flapy_example,./minimal_flaky_python_tests,,,test_flaky,test_io,,not flaky,{'Passed'},20,0,0,0,20,{'Passed'},20,0,0,0,20,FALSE,FALSE,Passed,Passed,FALSE,FALSE,test_flaky.py::test_io,test_flaky.py::test_io
flapy_example,./minimal_flaky_python_tests,,,test_flaky,test_memory_usage,,not flaky,{'Failed'},0,20,0,0,20,{'Failed'},0,20,0,0,20,FALSE,FALSE,Failed,Failed,FALSE,FALSE,test_flaky.py::test_memory_usage,test_flaky.py::test_memory_usage
flapy_example,./minimal_flaky_python_tests,,,test_flaky,test_network_remote_connection_failure,,non-order-dependent,"{'Failed', 'Passed'}",19,1,0,0,20,{'Passed'},20,0,0,0,20,TRUE,FALSE,Flaky,Passed,FALSE,FALSE,test_flaky.py::test_network_remote_connection_failure,test_flaky.py::test_network_remote_connection_failure
flapy_example,./minimal_flaky_python_tests,,,test_flaky,test_not_flaky,,not flaky,{'Passed'},20,0,0,0,20,{'Passed'},20,0,0,0,20,FALSE,FALSE,Passed,Passed,FALSE,FALSE,test_flaky.py::test_not_flaky,test_flaky.py::test_not_flaky
flapy_example,./minimal_flaky_python_tests,,,test_flaky,test_numeric_operation_32bit,,not flaky,{'Passed'},20,0,0,0,20,{'Passed'},20,0,0,0,20,FALSE,FALSE,Passed,Passed,FALSE,FALSE,test_flaky.py::test_numeric_operation_32bit,test_flaky.py::test_numeric_operation_32bit
flapy_example,./minimal_flaky_python_tests,,,test_flaky,test_numeric_operation_64bit,,not flaky,{'Failed'},0,20,0,0,20,{'Failed'},0,20,0,0,20,FALSE,FALSE,Failed,Failed,FALSE,FALSE,test_flaky.py::test_numeric_operation_64bit,test_flaky.py::test_numeric_operation_64bit
flapy_example,./minimal_flaky_python_tests,,,test_flaky,test_numpy_random,,non-order-dependent,"{'Failed', 'Passed'}",9,11,0,0,20,"{'Failed', 'Passed'}",11,9,0,0,20,TRUE,TRUE,Flaky,Flaky,FALSE,FALSE,test_flaky.py::test_numpy_random,test_flaky.py::test_numpy_random
flapy_example,./minimal_flaky_python_tests,,,test_flaky,test_polluter,,not flaky,{'Passed'},20,0,0,0,20,{'Passed'},20,0,0,0,20,FALSE,FALSE,Passed,Passed,FALSE,FALSE,test_flaky.py::test_polluter,test_flaky.py::test_polluter
flapy_example,./minimal_flaky_python_tests,,,test_flaky,test_random,,non-order-dependent,"{'Failed', 'Passed'}",10,10,0,0,20,"{'Failed', 'Passed'}",14,6,0,0,20,TRUE,TRUE,Flaky,Flaky,FALSE,FALSE,test_flaky.py::test_random,test_flaky.py::test_random
flapy_example,./minimal_flaky_python_tests,,,test_flaky,test_time,,non-order-dependent,"{'Failed', 'Passed'}",12,8,0,0,20,"{'Failed', 'Passed'}",5,15,0,0,20,TRUE,TRUE,Flaky,Flaky,FALSE,FALSE,test_flaky.py::test_time,test_flaky.py::test_time
flapy_example,./minimal_flaky_python_tests,,,test_flaky,test_unordered_collections,,non-order-dependent,"{'Failed', 'Passed'}",12,8,0,0,20,"{'Failed', 'Passed'}",10,10,0,0,20,TRUE,TRUE,Flaky,Flaky,FALSE,FALSE,test_flaky.py::test_unordered_collections,test_flaky.py::test_unordered_collections
flapy_example,./minimal_flaky_python_tests,,,test_flaky,test_victim,,order-dependent,{'Passed'},20,0,0,0,20,"{'Failed', 'Passed'}",11,9,0,0,20,FALSE,TRUE,Passed,Flaky,TRUE,FALSE,test_flaky.py::test_victim,test_flaky.py::test_victim
